account_handle,tweet_count,retweet_count,original_count,quote_count,retweet_ratio,first_retweeter_count,unique_retweeted_tweet_count,unique_retweeted_author_count,retweets_to_member_count,retweets_to_member_ratio,top_amplified_count,top_amplified_share,hashtag_count,mention_count,followers_count,friends_count,statuses_count,account_age_days,default_profile,default_profile_image,is_blue_verified,network_component_size,network_neighbor_count,network_weighted_degree,network_within_15m_weight,network_within_60m_weight,network_max_shared_edge,cohort_count,cohort_max_size,cohort_max_cascade_count,role_retail_user,role_amplifier_suspect,role_media_business,role_journalist_public_figure,role_source_hub,first_retweeter_ratio,propagation_lead_count,coordination_score,analyst_label
angelikitsakani,96,96,0,26,1.0,42,96,60,46,0.4792,8,0.0833,20,20,3158,3849,131115,5207,1,0,0,113,52,318,23,136,27,1,54,177,0,1,0,0,0,0.0156,42,83.02,
ABCHeckles,47,47,0,8,1.0,36,47,33,20,0.4255,5,0.1064,3,6,5954,4329,205489,4899,1,0,0,113,31,104,6,28,13,1,54,177,0,1,0,0,0,0.0133,36,82.45,
46spiros,213,213,0,35,1.0,105,213,127,83,0.3897,9,0.0423,89,81,1111,385,261422,4740,1,0,0,113,72,490,37,203,43,1,54,177,0,1,0,0,0,0.0389,105,81.27,
chrysib11,102,102,0,19,1.0,42,102,77,38,0.3725,6,0.0588,14,36,3810,5556,464576,4441,1,0,0,113,53,279,36,136,26,1,54,177,0,1,0,0,0,0.0156,42,81.18,
economi94461498,22,22,0,1,1.0,19,22,22,10,0.4545,1,0.0455,1,24,1353,327,225220,2314,1,0,0,113,3,13,7,7,7,1,54,177,0,1,0,0,0,0.007,19,81.02,
Catps66,51,51,0,5,1.0,26,51,34,17,0.3333,4,0.0784,12,9,1051,2643,31963,1510,1,0,0,113,31,108,5,36,10,1,54,177,0,1,0,0,0,0.0096,26,80.78,
MasenkaMm230158,59,59,0,15,1.0,27,59,36,14,0.2373,6,0.1017,5,3,599,392,32758,1848,1,0,0,113,25,82,7,35,9,1,54,177,0,1,0,0,0,0.01,27,79.58,
Myrtilo01,39,39,0,1,1.0,19,39,29,11,0.2821,4,0.1026,8,11,305,338,19496,5412,0,0,0,113,23,72,10,21,11,1,54,177,0,0,1,0,0,0.007,19,79.01,
NikosVsdl8,25,25,0,14,1.0,21,25,22,5,0.2,2,0.08,2,16,491,1407,38610,502,1,0,0,113,2,4,0,2,2,0,0,0,0,1,0,0,0,0.0078,21,78.8,
angie22gr,22,22,0,7,1.0,18,22,15,7,0.3182,3,0.1364,7,6,24421,15652,508753,5083,0,0,0,113,10,30,2,11,4,1,54,177,0,1,0,0,0,0.0067,18,78.64,
galex1908,82,82,0,1,1.0,63,82,58,12,0.1463,5,0.061,15,14,16219,17338,592338,4954,0,0,0,113,26,114,12,44,12,1,54,177,0,1,0,0,0,0.0233,63,77.8,
paliakaravana59,110,110,0,2,1.0,89,110,87,13,0.1182,4,0.0364,12,28,1698,203,342083,2315,1,0,0,113,17,75,7,28,14,1,54,177,0,1,0,0,0,0.033,89,77.14,
dinoskonstantin,32,32,0,2,1.0,29,32,24,2,0.0625,3,0.0938,11,1,2763,4998,78786,4565,0,0,0,113,5,14,0,4,4,0,0,0,0,1,0,0,0,0.0107,29,76.88,
madonnamaniac,38,38,0,1,1.0,38,38,30,0,0.0,6,0.1579,7,16,3195,846,88357,5631,0,0,0,0,0,0,0,0,0,0,0,0,0,1,0,0,0,0.0141,38,76.58,
DonConsclavios,30,30,0,3,1.0,17,30,16,7,0.2333,5,0.1667,8,15,304,817,6564,1018,1,0,1,113,16,51,5,24,5,1,54,177,0,1,0,0,0,0.0063,17,76.42,
michael_exc,21,21,0,0,1.0,21,21,19,0,0.0,2,0.0952,3,1,729,2075,11267,4554,0,0,0,0,0,0,0,0,0,0,0,0,0,1,0,0,0,0.0078,21,75.95,
Loxagos_Mark,36,36,0,2,1.0,15,36,32,9,0.25,3,0.0833,13,8,7001,7423,301680,4806,1,0,1,113,24,82,1,16,12,1,54,177,0,0,1,0,0,0.0056,15,73.33,
Valiadistinct,5,5,0,0,1.0,5,5,3,3,0.6,3,0.6,1,0,1214,383,76939,2910,1,0,1,0,0,0,0,0,0,0,0,0,0,1,0,0,0,0.0019,5,71.25,
Aaagiiisss,26,26,0,7,1.0,15,26,22,2,0.0769,3,0.1154,7,0,711,1390,49428,3201,1,0,0,113,9,21,0,11,5,1,54,177,0,1,0,0,0,0.0056,15,71.06,
Track11John,224,219,5,75,0.9777,143,219,78,123,0.5616,66,0.3014,43,44,886,734,193494,1448,1,0,0,113,34,223,33,110,26,1,54,177,0,0,0,0,0,0.053,143,70.66,
PitSpencer,20,20,0,5,1.0,13,20,20,5,0.25,1,0.05,0,1,964,1996,50933,1193,1,0,0,113,13,35,3,9,5,0,0,0,0,1,0,0,0,0.0048,13,70.5,
silaserafim,20,20,0,2,1.0,16,20,20,0,0.0,1,0.05,0,3,40728,2207,449264,5647,0,0,0,113,2,5,1,4,3,0,0,0,0,0,1,0,0,0.0059,16,70.5,
Xeniaxe19580370,21,21,0,0,1.0,15,21,19,0,0.0,2,0.0952,1,0,741,165,16475,1680,1,0,0,113,4,10,1,7,3,1,54,177,0,1,0,0,0,0.0056,15,69.7,
LitsaXarou,12,12,0,0,1.0,11,12,4,0,0.0,6,0.5,0,1,13007,12662,180683,4086,1,0,0,0,0,0,0,0,0,0,0,0,0,0,1,0,0,0.0041,11,68.75,
TsigkaEfi,23,23,0,2,1.0,8,23,19,11,0.4783,2,0.087,16,10,1013,568,25946,1314,1,0,0,113,20,65,4,21,13,1,54,177,0,1,0,0,0,0.003,8,68.04,
VIVITV5,5,5,0,0,1.0,3,5,5,4,0.8,1,0.2,2,1,2012,4242,25135,2893,1,0,0,113,2,4,0,1,2,0,0,0,0,1,0,0,0,0.0011,3,67.75,
teo_ntaleki,15,15,0,3,1.0,12,15,15,2,0.1333,1,0.0667,2,1,700,1666,27294,1088,1,0,0,113,4,8,1,4,2,0,0,0,0,1,0,0,0,0.0044,12,67.67,
Fotinh5,17,17,0,2,1.0,6,17,15,9,0.5294,3,0.1765,2,3,3793,2942,62919,1638,1,0,0,113,12,38,6,23,7,1,54,177,0,1,0,0,0,0.0022,6,67.21,
Fay82776914F,14,14,0,4,1.0,9,14,13,4,0.2857,2,0.1429,2,1,1524,1419,49073,3503,1,0,0,113,12,34,3,11,6,0,0,0,0,1,0,0,0,0.0033,9,66.96,
xariszak2,12,12,0,0,1.0,8,12,10,4,0.3333,2,0.1667,1,2,237,309,16306,2352,1,1,0,113,3,6,1,1,2,0,0,0,0,1,0,0,0,0.003,8,66.67,
hatz_patty,93,89,4,35,0.957,56,89,34,43,0.4831,7,0.0787,7,21,9013,6063,285703,5378,0,0,0,113,38,171,18,82,21,1,54,177,0,0,0,0,0,0.0207,56,66.53,
cavodoro,11,11,0,1,1.0,5,11,10,6,0.5455,2,0.1818,3,3,805,1061,19563,5911,1,0,0,113,7,19,0,2,5,0,0,0,0,1,0,0,0,0.0019,5,66.25,
mpantazo,54,53,1,9,0.9815,26,53,45,21,0.3962,4,0.0755,15,14,2456,1355,179530,4328,0,0,0,113,33,156,12,63,17,1,54,177,0,1,0,0,0,0.0096,26,66.05,
Tina5996,9,9,0,0,1.0,5,9,9,5,0.5556,1,0.1111,1,1,160,186,12054,1392,1,0,0,113,3,9,0,1,4,0,0,0,0,1,0,0,0,0.0019,5,65.69,
BatorGr,25,25,0,1,1.0,8,25,23,8,0.32,2,0.08,14,11,1193,926,69792,1153,1,0,0,113,17,55,3,12,6,1,54,177,0,1,0,0,0,0.003,8,65.6,
sinakatsarou,113,110,3,25,0.9735,56,110,76,44,0.4,5,0.0455,14,35,7702,1970,214579,2668,1,0,0,113,38,200,23,97,21,1,54,177,0,0,0,0,0,0.0207,56,65.53,
ptableart,12,12,0,1,1.0,7,12,10,3,0.25,3,0.25,2,2,359,207,15940,651,1,0,0,113,11,27,3,9,4,1,54,177,0,1,0,0,0,0.0026,7,65.0,
giannMak,87,83,4,10,0.954,30,83,60,32,0.3855,4,0.0482,29,20,6808,6703,173958,4079,0,0,0,113,40,231,21,95,26,1,54,177,0,0,0,0,0,0.0111,30,64.65,
NickDanny99,12,12,0,3,1.0,11,12,12,0,0.0,1,0.0833,1,1,1719,1209,17401,4218,0,0,0,0,0,0,0,0,0,0,0,0,0,1,0,0,0,0.0041,11,64.58,
nickthegreek5,282,278,4,18,0.9858,88,278,147,83,0.2986,11,0.0396,52,78,6393,2507,385367,5463,0,0,0,113,88,740,60,282,44,1,54,177,0,0,1,0,0,0.0326,88,64.38,
MariaDecokeke,67,66,1,18,0.9851,27,66,38,16,0.2424,7,0.1061,10,13,6639,3292,293282,4030,1,0,0,113,40,174,17,94,12,1,54,177,0,0,1,0,0,0.01,27,64.18,
Nogate_T,15,15,0,4,1.0,7,15,13,3,0.2,3,0.2,2,2,9021,5397,98891,4080,1,0,0,113,15,43,4,14,6,1,54,177,0,1,0,0,0,0.0026,7,63.75,
lidakis_manos,21,21,0,5,1.0,6,21,20,7,0.3333,2,0.0952,10,5,742,673,29806,1347,1,0,0,113,16,51,2,18,7,1,54,177,0,1,0,0,0,0.0022,6,63.45,
LGkvas,23,23,0,0,1.0,5,23,19,9,0.3913,2,0.087,10,5,970,1364,8105,3335,1,0,0,113,16,54,5,20,14,1,54,177,0,1,0,0,0,0.0019,5,62.99,
MenoEdo,120,112,8,25,0.9333,42,112,84,34,0.3036,6,0.0536,18,11,2687,2008,178622,1845,1,0,0,113,48,264,12,75,29,1,54,177,0,0,0,0,0,0.0156,42,62.76,
vythos70,111,106,5,3,0.955,77,106,80,23,0.217,9,0.0849,24,52,10516,10473,391058,1963,1,0,0,113,28,123,11,45,18,1,54,177,0,0,0,0,0,0.0285,77,62.53,
B2hBk3gFaa2fH4W,5,5,0,0,1.0,5,5,3,0,0.0,3,0.6,0,5,1640,2412,7087,2272,1,0,0,0,0,0,0,0,0,0,0,0,0,1,0,0,0,0.0019,5,62.25,
xeniakan21,24,24,0,2,1.0,5,24,21,8,0.3333,2,0.0833,7,5,2669,2325,148991,5064,0,0,0,113,16,62,1,5,10,0,0,0,0,1,0,0,0,0.0019,5,62.08,
johnblandos,60,54,6,2,0.9,34,54,41,18,0.3333,3,0.0556,10,15,1949,2953,156572,4532,1,0,0,113,30,104,9,42,14,1,54,177,0,0,0,0,0,0.0126,34,62.06,
chkls,8,8,0,4,1.0,6,8,7,1,0.125,2,0.25,2,0,1579,756,78096,5500,1,0,0,0,0,0,0,0,0,0,0,0,0,1,0,0,0,0.0022,6,61.88,
GiotaPapapetrou,193,190,3,5,0.9845,179,190,99,17,0.0895,20,0.1053,26,23,4689,3426,457713,1917,1,0,0,113,20,73,11,36,8,1,54,177,1,0,0,0,0,0.0663,179,61.85,
JimyWis,6,6,0,0,1.0,4,6,6,2,0.3333,1,0.1667,0,2,656,1732,16188,1836,1,0,0,113,3,7,1,3,3,0,0,0,0,1,0,0,0,0.0015,4,61.67,
G4Heron,44,42,2,9,0.9545,40,42,36,7,0.1667,3,0.0714,3,4,10219,6914,294427,4054,0,0,0,2,1,2,0,1,2,0,0,0,0,0,1,0,0,0.0148,40,61.62,
fanis_rc,7,7,0,0,1.0,5,7,6,1,0.1429,2,0.2857,2,3,2013,7155,284868,1148,1,0,0,113,3,6,2,3,2,0,0,0,0,1,0,0,0,0.0019,5,61.25,
2Harvard2,1,1,0,0,1.0,1,1,1,1,1.0,1,1.0,0,0,573,1149,11020,5958,0,0,0,0,0,0,0,0,0,0,0,0,0,0,0,0,0,0.0004,1,61.25,
AndriotGreg,1,1,0,0,1.0,1,1,1,1,1.0,1,1.0,0,0,1270,1279,9362,2989,1,0,0,0,0,0,0,0,0,0,0,0,0,0,0,0,0,0.0004,1,61.25,
ChrisDarko39,1,1,0,0,1.0,1,1,1,1,1.0,1,1.0,1,0,3758,3934,15502,5454,0,0,0,0,0,0,0,0,0,0,0,0,0,0,0,0,0,0.0004,1,61.25,
pOURc3ero9j906K,1,1,0,0,1.0,1,1,1,1,1.0,1,1.0,0,0,3071,2302,5028,1709,1,0,0,0,0,0,0,0,0,0,0,0,0,0,0,0,0,0.0004,1,61.25,
tavros5791,1,1,0,0,1.0,1,1,1,1,1.0,1,1.0,1,0,2593,1161,81830,5883,0,0,0,0,0,0,0,0,0,0,0,0,0,0,0,0,0,0.0004,1,61.25,
MKioulafa,56,47,9,20,0.8393,34,47,29,16,0.3404,7,0.1489,21,22,3281,4971,189454,2454,1,0,0,113,20,76,17,51,9,1,54,177,0,0,0,0,0,0.0126,34,60.97,
CharilaosPapad1,5,5,0,2,1.0,2,5,5,2,0.4,1,0.2,0,0,358,385,12708,1593,1,0,0,113,2,4,1,3,2,0,0,0,0,0,0,0,0,0.0007,2,60.5,
AgelisDimitris,182,160,22,54,0.8791,77,160,82,43,0.2687,9,0.0563,33,40,2170,2275,188950,2184,1,0,0,113,60,371,29,146,44,1,54,177,0,0,0,0,0,0.0285,77,60.36,
matrixneo1979,5,5,0,0,1.0,5,5,4,0,0.0,2,0.4,0,0,3282,1648,28983,3008,1,0,0,0,0,0,0,0,0,0,0,0,0,0,1,0,0,0.0019,5,60.25,
tasoskar11,5,5,0,1,1.0,0,5,4,2,0.4,2,0.4,5,5,221,313,2642,5560,0,0,0,113,7,17,1,8,4,0,0,0,0,0,0,0,0,0.0,0,60.0,
NikosMichael6,2,2,0,0,1.0,0,2,1,2,1.0,2,1.0,0,0,28909,4067,50618,1829,1,0,1,0,0,0,0,0,0,0,0,0,0,0,1,0,0,0.0,0,60.0,
Anna_Moun,1,1,0,1,1.0,0,1,1,1,1.0,1,1.0,0,0,1436,1366,22315,3164,1,0,0,0,0,0,0,0,0,0,0,0,0,0,0,0,0,0.0,0,60.0,
Evitel_,1,1,0,0,1.0,0,1,1,1,1.0,1,1.0,0,0,2495,1278,49558,5531,0,0,1,0,0,0,0,0,0,0,0,0,0,0,0,0,0,0.0,0,60.0,
Perdim1,1,1,0,0,1.0,0,1,1,1,1.0,1,1.0,0,0,705,870,14535,5058,0,0,0,0,0,0,0,0,0,0,0,0,0,0,0,0,0,0.0,0,60.0,
kimosampe,1,1,0,0,1.0,0,1,1,1,1.0,1,1.0,0,0,1032,1452,19780,5179,0,0,0,0,0,0,0,0,0,0,0,0,0,0,0,0,0,0.0,0,60.0,
moonshinegr,1,1,0,1,1.0,0,1,1,1,1.0,1,1.0,0,0,544,399,24528,3999,1,0,0,0,0,0,0,0,0,0,0,0,0,0,0,0,0,0.0,0,60.0,
Anastasia7882,10,10,0,1,1.0,5,10,9,1,0.1,2,0.2,4,1,854,868,48708,1295,1,0,0,113,7,17,1,2,4,0,0,0,0,1,0,0,0,0.0019,5,59.75,
aggelikiME25,107,102,5,6,0.9533,99,102,79,3,0.0294,6,0.0588,70,11,5541,1941,303860,3654,1,0,0,113,1,2,1,2,2,0,0,0,0,0,0,0,0,0.0367,99,59.39,
HouseElisabeth_,6,6,0,0,1.0,6,6,6,0,0.0,1,0.1667,3,0,488,1043,6160,3413,0,0,0,0,0,0,0,0,0,0,0,0,0,1,0,0,0,0.0022,6,59.17,
ScroogeKifissia,40,36,4,10,0.9,36,36,26,2,0.0556,6,0.1667,2,4,22592,21857,55049,1674,1,0,0,0,0,0,0,0,0,0,0,0,0,0,1,0,0,0.0133,36,59.0,
klikr,37,32,5,6,0.8649,20,32,20,1,0.0312,10,0.3125,4,11,1098,1191,44673,5403,0,0,0,113,15,56,13,35,7,1,54,177,0,0,0,0,0,0.0074,20,58.86,
NonameTZ,13,13,0,4,1.0,2,13,12,4,0.3077,2,0.1538,10,11,482,592,19882,5446,0,0,0,113,15,48,2,26,8,1,54,177,0,1,0,0,0,0.0007,2,58.65,
Leniw_Lenia,6,6,0,0,1.0,4,6,5,0,0.0,2,0.3333,2,2,542,528,17385,1552,1,0,0,0,0,0,0,0,0,0,0,0,0,1,0,0,0,0.0015,4,58.33,
margko73,5,5,0,0,1.0,5,5,5,0,0.0,1,0.2,0,0,6165,1829,56272,4950,0,0,0,0,0,0,0,0,0,0,0,0,0,1,0,0,0,0.0019,5,58.25,
kokkoriss,8,8,0,0,1.0,3,8,7,1,0.125,2,0.25,2,3,602,2757,33218,5100,1,0,0,113,7,16,2,7,3,0,0,0,0,1,0,0,0,0.0011,3,58.12,
ZafiriaF,13,13,0,1,1.0,3,13,10,2,0.1538,2,0.1538,0,0,11225,6682,62217,5341,1,0,0,113,9,28,1,4,9,0,0,0,0,0,1,0,0,0.0011,3,57.59,
Aristerotsolis,4,4,0,0,1.0,3,4,2,3,0.75,3,0.75,3,2,665,1132,5942,112,1,0,0,0,0,0,0,0,0,0,0,0,0,0,0,0,0,0.0011,3,57.5,
greek_paris_13,34,32,2,15,0.9412,17,32,24,4,0.125,4,0.125,13,8,6882,2864,147497,5295,0,0,0,113,18,49,5,26,5,1,54,177,0,0,0,0,0,0.0063,17,57.32,
themagus2022,5,5,0,0,1.0,4,5,5,0,0.0,1,0.2,7,0,242,482,17026,1332,1,1,0,0,0,0,0,0,0,0,0,0,0,1,0,0,0,0.0015,4,57.0,
TheMadoula,40,37,3,7,0.925,14,37,25,13,0.3514,6,0.1622,15,28,3079,3670,64237,5881,0,0,0,113,36,124,9,40,15,1,54,177,0,0,0,0,0,0.0052,14,56.77,
SenzakiKamo,36,34,2,7,0.9444,14,34,29,12,0.3529,3,0.0882,14,7,549,410,55345,4073,1,0,0,113,21,81,5,26,12,1,54,177,1,0,0,0,0,0.0052,14,56.73,
Briassulis,130,97,33,52,0.7462,55,97,59,29,0.299,10,0.1031,29,52,1789,1147,266810,1918,1,0,0,113,40,211,18,85,26,1,54,177,0,0,0,0,0,0.0204,55,56.63,
Torquem21743459,5,5,0,2,1.0,2,5,4,0,0.0,2,0.4,5,8,528,1417,15727,2858,1,0,0,113,3,6,0,0,2,0,0,0,0,0,0,0,0,0.0007,2,56.5,
MariaKagia4603,7,7,0,1,1.0,4,7,7,0,0.0,1,0.1429,2,0,119,339,3145,462,1,0,0,113,3,6,2,3,2,0,0,0,0,1,0,0,0,0.0015,4,56.43,
Ah_riman,29,27,2,11,0.931,14,27,11,6,0.2222,8,0.2963,3,7,9195,8740,98042,3285,0,0,1,113,23,90,9,43,8,1,54,177,0,0,0,0,0,0.0052,14,56.38,
ZbejVty,17,16,1,1,0.9412,12,16,13,6,0.375,4,0.25,5,9,4007,4986,151560,1666,1,0,0,113,1,2,0,1,2,0,0,0,0,1,0,0,0,0.0044,12,56.07,
QuercusLg,21,19,2,4,0.9048,16,19,15,3,0.1579,3,0.1579,3,2,1076,1194,142097,1368,1,0,0,2,1,2,0,1,2,0,0,0,1,0,0,0,0,0.0059,16,55.62,
BananaJoeReload,51,43,8,7,0.8431,35,43,37,0,0.0,3,0.0698,4,7,6511,7363,358003,3192,1,0,0,113,1,2,1,2,2,0,0,0,0,0,0,0,0,0.013,35,55.21,
Chaos_kreator,2,2,0,0,1.0,0,2,2,2,1.0,1,0.5,0,0,673,760,33825,5440,0,0,0,113,1,2,0,2,2,0,0,0,0,0,0,0,0,0.0,0,55.0,
JtfYiannis,2,2,0,1,1.0,0,2,2,2,1.0,1,0.5,2,0,2382,3357,12381,3671,0,0,0,113,3,6,1,3,2,0,0,0,0,0,0,0,0,0.0,0,55.0,
RockRock222555,72,51,21,32,0.7083,30,51,38,14,0.2745,4,0.0784,13,12,1740,1852,67023,1856,1,0,0,113,23,103,14,61,12,1,54,177,0,0,0,0,0,0.0111,30,54.69,
Anthology2026,70,57,13,5,0.8143,48,57,53,2,0.0351,2,0.0351,6,5,300,2431,333,51,1,0,0,113,10,22,1,5,4,0,0,0,1,0,0,0,0,0.0178,48,54.38,
GeorgiadouL,7,7,0,3,1.0,1,7,6,0,0.0,2,0.2857,4,4,4622,3916,104126,4004,0,0,0,113,5,12,1,3,3,0,0,0,0,0,0,0,0,0.0004,1,54.11,
anasiropiastos,31,26,5,6,0.8387,16,26,10,1,0.0385,9,0.3462,12,5,347,290,7481,305,1,0,0,113,10,25,4,18,4,1,54,177,1,0,0,0,0,0.0059,16,53.39,
agapornis_mask,3,3,0,0,1.0,1,3,2,2,0.6667,2,0.6667,2,4,187,462,6710,5017,1,0,0,113,2,5,0,0,3,0,0,0,0,0,0,0,0,0.0004,1,52.92,
le1li,18,17,1,1,0.9444,12,17,16,3,0.1765,2,0.1176,15,8,756,933,6287,5301,0,0,0,113,1,2,0,1,2,0,0,0,0,1,0,0,0,0.0044,12,51.88,
maus_miny,26,24,2,5,0.9231,8,24,11,11,0.4583,6,0.25,9,21,4429,2093,64908,1504,1,0,0,113,30,106,10,36,11,1,54,177,0,0,0,0,0,0.003,8,51.68,
Marios59885699,3,3,0,1,1.0,2,3,3,2,0.6667,1,0.3333,0,1,414,421,168647,2341,1,0,0,0,0,0,0,0,0,0,0,0,0,0,0,0,0,0.0007,2,50.83,
nilsholgerson_,3,3,0,1,1.0,1,3,3,2,0.6667,1,0.3333,0,0,4886,4525,29520,4638,1,0,0,113,1,2,0,2,2,0,0,0,0,0,0,0,0,0.0004,1,49.58,
Local_Bureau,2,2,0,2,1.0,1,2,2,1,0.5,1,0.5,0,0,9363,1293,136094,3895,0,0,0,0,0,0,0,0,0,0,0,0,0,0,0,0,0,0.0004,1,48.75,
ThanosKten,2,2,0,0,1.0,1,2,2,1,0.5,1,0.5,0,0,673,637,6558,468,1,0,1,0,0,0,0,0,0,0,0,0,0,0,0,0,0,0.0004,1,48.75,
frel_elias,16,14,2,5,0.875,12,14,14,2,0.1429,1,0.0714,5,0,1143,1679,57635,5295,1,0,1,0,0,0,0,0,0,0,0,0,0,0,0,0,0,0.0044,12,48.48,
ThanosTzimeros,32,24,8,10,0.75,13,24,21,7,0.2917,3,0.125,3,0,68548,1701,41419,5282,1,0,0,113,5,19,5,14,7,1,54,177,0,0,1,0,0,0.0048,13,48.13,
theatropoios,12,11,1,3,0.9167,11,11,10,0,0.0,2,0.1818,3,0,637,2098,23454,826,1,0,0,0,0,0,0,0,0,0,0,0,0,1,0,0,0,0.0041,11,47.65,
ArgirNik,22,16,6,6,0.7273,11,16,10,6,0.375,3,0.1875,6,5,829,516,156104,5323,1,0,0,113,15,38,5,9,4,0,0,0,1,0,0,0,0,0.0041,11,46.71,
Rena_Rethymno,21,18,3,12,0.8571,8,18,14,6,0.3333,3,0.1667,8,8,,,,,,,,113,11,31,2,9,6,0,0,0,0,0,0,0,0,0.003,8,46.66,
IK25818385,11,9,2,0,0.8182,9,9,6,2,0.2222,3,0.3333,15,1,1044,3296,10653,1871,1,0,0,0,0,0,0,0,0,0,0,0,0,0,0,0,0,0.0033,9,46.55,
AleaJactaEst101,1,1,0,0,1.0,1,1,1,0,0.0,1,1.0,1,0,5887,1727,46177,3133,1,0,0,0,0,0,0,0,0,0,0,0,0,0,0,0,0,0.0004,1,46.25,
AlexAlexroll,1,1,0,0,1.0,1,1,1,0,0.0,1,1.0,0,1,344,271,33435,5760,0,0,0,0,0,0,0,0,0,0,0,0,0,0,0,0,0,0.0004,1,46.25,
AsimakosGiannis,1,1,0,0,1.0,1,1,1,0,0.0,1,1.0,0,0,372,343,6242,1421,1,0,0,0,0,0,0,0,0,0,0,0,0,0,0,0,0,0.0004,1,46.25,
Asmoudis13,1,1,0,0,1.0,1,1,1,0,0.0,1,1.0,3,0,50,564,2132,347,1,0,0,0,0,0,0,0,0,0,0,0,0,0,0,0,0,0.0004,1,46.25,
DimitrisP69501,1,1,0,0,1.0,1,1,1,0,0.0,1,1.0,0,0,39,240,829,141,1,0,0,0,0,0,0,0,0,0,0,0,0,0,0,0,0,0.0004,1,46.25,
Georgia146690,1,1,0,0,1.0,1,1,1,0,0.0,1,1.0,1,0,72,79,1992,226,1,0,0,0,0,0,0,0,0,0,0,0,0,0,0,0,0,0.0004,1,46.25,
JanSobiesk1683V,1,1,0,0,1.0,1,1,1,0,0.0,1,1.0,0,0,904,2125,35130,1668,1,0,0,0,0,0,0,0,0,0,0,0,0,0,0,0,0,0.0004,1,46.25,
Kabamaru__n,1,1,0,1,1.0,1,1,1,0,0.0,1,1.0,0,0,11,4,486,772,1,0,0,0,0,0,0,0,0,0,0,0,0,0,0,0,0,0.0004,1,46.25,
Konstan18155165,1,1,0,0,1.0,1,1,1,0,0.0,1,1.0,1,0,35,193,534,404,1,0,0,0,0,0,0,0,0,0,0,0,0,0,0,0,0,0.0004,1,46.25,
Kostas18748292,1,1,0,0,1.0,1,1,1,0,0.0,1,1.0,0,0,604,811,19565,2057,1,0,0,0,0,0,0,0,0,0,0,0,0,0,0,0,0,0.0004,1,46.25,
Lucy75218876,1,1,0,0,1.0,1,1,1,0,0.0,1,1.0,0,0,4071,1563,53152,1650,1,0,0,0,0,0,0,0,0,0,0,0,0,0,0,0,0,0.0004,1,46.25,
PiraeusStef,1,1,0,0,1.0,1,1,1,0,0.0,1,1.0,0,0,2056,2280,39756,5461,0,0,0,0,0,0,0,0,0,0,0,0,0,0,0,0,0,0.0004,1,46.25,
Wonderlust_K,1,1,0,1,1.0,1,1,1,0,0.0,1,1.0,0,0,432,496,15680,5243,1,0,0,0,0,0,0,0,0,0,0,0,0,0,0,0,0,0.0004,1,46.25,
Yiorgos4115671,1,1,0,0,1.0,1,1,1,0,0.0,1,1.0,0,1,308,1963,28445,534,1,1,0,0,0,0,0,0,0,0,0,0,0,0,0,0,0,0.0004,1,46.25,
akrato,1,1,0,0,1.0,1,1,1,0,0.0,1,1.0,0,0,2455,3869,28236,6319,0,0,0,0,0,0,0,0,0,0,0,0,0,0,0,0,0,0.0004,1,46.25,
akrokentrwos_2,1,1,0,0,1.0,1,1,1,0,0.0,1,1.0,0,0,15197,1575,47277,2358,1,0,0,0,0,0,0,0,0,0,0,0,0,0,1,0,0,0.0004,1,46.25,
alexpretti1312,1,1,0,0,1.0,1,1,1,0,0.0,1,1.0,0,3,176,292,1585,79,1,0,0,0,0,0,0,0,0,0,0,0,0,0,0,0,0,0.0004,1,46.25,
chrisvwgolf,1,1,0,0,1.0,1,1,1,0,0.0,1,1.0,0,0,52,32,8630,1252,1,0,0,0,0,0,0,0,0,0,0,0,0,0,0,0,0,0.0004,1,46.25,
correll_caus,1,1,0,0,1.0,1,1,1,0,0.0,1,1.0,0,0,208,253,5914,736,1,0,0,0,0,0,0,0,0,0,0,0,0,0,0,0,0,0.0004,1,46.25,
milinimaria,1,1,0,0,1.0,1,1,1,0,0.0,1,1.0,0,0,2756,1259,26706,5613,0,0,0,0,0,0,0,0,0,0,0,0,0,0,0,0,0,0.0004,1,46.25,
mystical_hell,1,1,0,0,1.0,1,1,1,0,0.0,1,1.0,0,0,82,120,2203,865,1,0,0,0,0,0,0,0,0,0,0,0,0,0,0,0,0,0.0004,1,46.25,
papa_vaso,1,1,0,0,1.0,1,1,1,0,0.0,1,1.0,0,0,1319,1352,25290,4054,0,0,0,0,0,0,0,0,0,0,0,0,0,0,0,0,0,0.0004,1,46.25,
sokpap,1,1,0,0,1.0,1,1,1,0,0.0,1,1.0,1,2,190,285,5537,5425,1,0,0,0,0,0,0,0,0,0,0,0,0,0,0,0,0,0.0004,1,46.25,
vagelis_ts,1,1,0,0,1.0,1,1,1,0,0.0,1,1.0,0,0,54,179,1662,1713,1,0,0,0,0,0,0,0,0,0,0,0,0,0,0,0,0,0.0004,1,46.25,
Theodoros674021,9,8,1,6,0.8889,6,8,6,2,0.25,3,0.375,0,2,605,507,29605,891,1,0,0,113,7,16,1,7,4,0,0,0,0,1,0,0,0,0.0022,6,46.11,
anastassios2401,10,9,1,1,0.9,8,9,9,2,0.2222,1,0.1111,1,0,7547,5666,123305,4892,1,0,0,0,0,0,0,0,0,0,0,0,0,0,1,0,0,0.003,8,45.94,
PITT1742510,3,3,0,1,1.0,2,3,3,1,0.3333,1,0.3333,0,0,82,285,2190,80,1,0,0,0,0,0,0,0,0,0,0,0,0,0,0,0,0,0.0007,2,45.83,
georgekouts62,3,3,0,1,1.0,2,3,3,1,0.3333,1,0.3333,3,0,5020,5012,29092,3549,1,0,0,113,1,2,0,0,2,0,0,0,0,0,0,0,0,0.0007,2,45.83,
K_Sav215,151,70,81,24,0.4636,57,70,53,17,0.2429,4,0.0571,107,38,1155,1133,78130,1713,1,1,0,113,31,131,15,56,11,1,54,177,0,0,0,0,0,0.0211,57,45.44,
lafillemalgard1,20,17,3,7,0.85,9,17,11,1,0.0588,6,0.3529,0,3,3622,3305,73852,5150,0,0,0,113,9,31,2,12,6,1,54,177,0,0,0,0,0,0.0033,9,45.41,
g_m_theo,17,14,3,6,0.8235,4,14,10,8,0.5714,4,0.2857,1,2,6346,5666,60050,4096,1,0,0,113,12,37,4,19,6,1,54,177,0,0,1,0,0,0.0015,4,45.25,
Electra306,4,4,0,3,1.0,3,4,4,1,0.25,1,0.25,0,0,5208,2752,133169,2237,1,0,1,0,0,0,0,0,0,0,0,0,0,0,0,0,0,0.0011,3,45.0,
Realism_47,4,4,0,0,1.0,3,4,4,1,0.25,1,0.25,0,0,1237,4248,20301,1891,1,0,0,0,0,0,0,0,0,0,0,0,0,0,0,0,0,0.0011,3,45.0,
M_Efstathiou,1,1,0,0,1.0,0,1,1,0,0.0,1,1.0,2,0,366,502,7350,3392,1,0,0,0,0,0,0,0,0,0,0,0,0,0,0,0,0,0.0,0,45.0,
OratiosPoulos,1,1,0,0,1.0,0,1,1,0,0.0,1,1.0,0,0,4767,1233,55322,1720,1,0,0,0,0,0,0,0,0,0,0,0,0,0,0,0,0,0.0,0,45.0,
Savaso1955,1,1,0,0,1.0,0,1,1,0,0.0,1,1.0,0,0,110,351,880,973,1,0,0,0,0,0,0,0,0,0,0,0,0,0,0,0,0,0.0,0,45.0,
TDrodopoulou,1,1,0,0,1.0,0,1,1,0,0.0,1,1.0,0,0,206,145,5903,1152,1,0,0,0,0,0,0,0,0,0,0,0,0,0,0,0,0,0.0,0,45.0,
TetraLogiki,1,1,0,0,1.0,0,1,1,0,0.0,1,1.0,0,0,3096,1811,30338,2687,1,0,0,0,0,0,0,0,0,0,0,0,0,0,0,0,0,0.0,0,45.0,
communakios,1,1,0,0,1.0,0,1,1,0,0.0,1,1.0,0,1,4364,1119,52507,1576,1,0,0,0,0,0,0,0,0,0,0,0,0,0,0,0,0,0.0,0,45.0,
desevmoi,1,1,0,0,1.0,0,1,1,0,0.0,1,1.0,0,0,169,195,702,1095,1,0,0,0,0,0,0,0,0,0,0,0,0,0,0,0,0,0.0,0,45.0,
epaggelmatiassk,1,1,0,0,1.0,0,1,1,0,0.0,1,1.0,0,0,3542,2542,108818,2957,1,0,0,0,0,0,0,0,0,0,0,0,0,0,0,0,0,0.0,0,45.0,
leonidasHG,1,1,0,1,1.0,0,1,1,0,0.0,1,1.0,2,3,1139,1620,28630,5291,1,0,0,0,0,0,0,0,0,0,0,0,0,0,0,0,0,0.0,0,45.0,
loudovikos14os,1,1,0,0,1.0,0,1,1,0,0.0,1,1.0,0,0,447,343,22227,3943,1,0,0,0,0,0,0,0,0,0,0,0,0,0,0,0,0,0.0,0,45.0,
Placebo_0,20,14,6,2,0.7,14,14,14,2,0.1429,1,0.0714,4,0,6474,3500,326902,5163,0,0,0,0,0,0,0,0,0,0,0,0,0,0,0,0,0,0.0052,14,44.86,
FrankiKostas,3,3,0,0,1.0,1,3,3,1,0.3333,1,0.3333,0,1,2673,2326,55178,4046,1,0,0,113,3,6,0,3,2,0,0,0,0,0,0,0,0,0.0004,1,44.58,
L6sVita,3,3,0,0,1.0,2,3,2,0,0.0,2,0.6667,0,0,769,917,28736,3988,0,0,0,113,1,2,0,0,2,0,0,0,0,0,0,0,0,0.0007,2,44.17,
ledentiste2,15,11,4,3,0.7333,11,11,9,2,0.1818,2,0.1818,11,1,2590,3329,37669,2123,1,0,0,0,0,0,0,0,0,0,0,0,0,0,0,0,0,0.0041,11,43.96,
Agie2a,33,19,14,11,0.5758,11,19,11,10,0.5263,4,0.2105,9,11,4427,3346,82550,1507,1,0,1,113,11,32,2,12,4,0,0,0,0,0,0,0,0,0.0041,11,43.9,
aekzurich21,4,4,0,0,1.0,2,4,4,1,0.25,1,0.25,5,0,264,846,16627,1027,1,0,0,0,0,0,0,0,0,0,0,0,0,0,0,0,0,0.0007,2,43.75,
aikarerina,2,1,1,0,0.5,1,1,1,1,1.0,1,1.0,1,0,2569,3101,26581,1950,1,0,0,0,0,0,0,0,0,0,0,0,0,0,1,0,0,0.0004,1,43.75,
KVagos42117,10,9,1,0,0.9,8,9,7,0,0.0,2,0.2222,0,0,89,126,3552,1031,1,0,0,0,0,0,0,0,0,0,0,0,0,1,0,0,0,0.003,8,43.72,
zneraida,3,3,0,1,1.0,0,3,3,1,0.3333,1,0.3333,4,3,4317,466,144679,3920,1,0,0,113,2,5,0,3,3,1,54,177,0,0,0,0,0,0.0,0,43.33,
Volcom40893832,3,3,0,0,1.0,1,3,2,0,0.0,2,0.6667,0,4,835,837,13014,2576,1,0,0,113,5,10,0,1,2,0,0,0,0,0,0,0,0,0.0004,1,42.92,
DejaLogic,2,2,0,0,1.0,2,2,2,0,0.0,1,0.5,0,0,4612,3060,17627,1154,1,0,0,0,0,0,0,0,0,0,0,0,0,0,1,0,0,0.0007,2,42.5,
RGialama8386,2,2,0,1,1.0,2,2,2,0,0.0,1,0.5,0,0,96,390,1938,343,1,0,0,0,0,0,0,0,0,0,0,0,0,0,0,0,0,0.0007,2,42.5,
doubamari,2,1,1,0,0.5,0,1,1,1,1.0,1,1.0,0,0,6006,1647,197949,5331,0,0,0,0,0,0,0,0,0,0,0,0,0,0,1,0,0,0.0,0,42.5,
jparthen,15,11,4,6,0.7333,9,11,8,2,0.1818,3,0.2727,0,6,553,476,46592,6047,0,0,0,113,4,8,0,3,2,0,0,0,0,0,1,0,0,0.0033,9,42.37,
evangelia_re,8,7,1,0,0.875,3,7,7,3,0.4286,1,0.1429,2,2,5605,4617,15210,6047,1,0,0,113,4,10,0,2,3,0,0,0,0,1,0,0,0,0.0011,3,42.23,
EoLaerte,3,3,0,0,1.0,3,3,3,0,0.0,1,0.3333,1,1,497,772,7621,1604,1,0,0,0,0,0,0,0,0,0,0,0,0,0,0,0,0,0.0011,3,42.08,
Nikos2501,3,3,0,0,1.0,3,3,3,0,0.0,1,0.3333,0,0,500,127,33816,1568,1,0,0,0,0,0,0,0,0,0,0,0,0,0,0,0,0,0.0011,3,42.08,
Protostatis,3,3,0,0,1.0,3,3,3,0,0.0,1,0.3333,5,1,2258,1313,81106,5309,1,0,0,0,0,0,0,0,0,0,0,0,0,0,0,0,0,0.0011,3,42.08,
Ralia1Raily,3,3,0,0,1.0,3,3,3,0,0.0,1,0.3333,0,0,588,634,16507,1704,1,0,0,0,0,0,0,0,0,0,0,0,0,0,0,0,0,0.0011,3,42.08,
ArisBJJ,21,16,5,7,0.7619,6,16,14,7,0.4375,2,0.125,7,3,3233,1346,16325,5460,0,0,1,113,12,40,5,19,8,1,54,177,0,0,0,0,0,0.0022,6,41.98,
vel_theGreek,7,6,1,1,0.8571,0,6,6,4,0.6667,1,0.1667,4,2,10188,4193,145180,2640,1,0,0,113,3,8,0,3,4,0,0,0,0,0,0,0,0,0.0,0,41.67,
EthanAnargyrous,7,6,1,1,0.8571,4,6,6,2,0.3333,1,0.1667,0,1,1169,962,40166,2834,1,0,0,113,3,8,0,2,3,0,0,0,0,1,0,0,0,0.0015,4,41.66,
foivos_trikkis_,21,14,7,6,0.6667,14,14,14,0,0.0,1,0.0714,5,2,1520,813,38707,2175,1,0,0,0,0,0,0,0,0,0,0,0,1,0,0,0,0,0.0052,14,41.55,
KyrPantelis3,10,9,1,1,0.9,7,9,9,0,0.0,1,0.1111,1,0,393,2404,15110,1377,1,0,0,0,0,0,0,0,0,0,0,0,0,1,0,0,0,0.0026,7,41.36,
Mrpresidentgr,10,9,1,3,0.9,3,9,9,3,0.3333,1,0.1111,4,1,3816,2976,54094,6178,1,0,1,113,7,16,1,4,4,0,0,0,0,0,0,1,0,0.0011,3,41.36,
AnnaDiEpifanio1,2,2,0,0,1.0,1,2,2,0,0.0,1,0.5,0,0,531,694,17857,2812,1,0,0,0,0,0,0,0,0,0,0,0,0,0,0,0,0,0.0004,1,41.25,
antonis_zen,2,2,0,0,1.0,1,2,2,0,0.0,1,0.5,0,0,939,1334,8610,1482,1,0,0,0,0,0,0,0,0,0,0,0,0,0,0,0,0,0.0004,1,41.25,
VforVolemenos,6,5,1,1,0.8333,3,5,5,2,0.4,1,0.2,6,9,6702,6380,40693,1520,1,0,1,113,1,2,0,0,2,0,0,0,0,0,0,0,0,0.0011,3,40.92,
dimitris7987,9,7,2,2,0.7778,5,7,6,2,0.2857,2,0.2857,1,4,915,546,38357,431,1,0,0,113,1,2,0,0,2,0,0,0,0,0,0,0,0,0.0019,5,40.62,
Klearxos8,2,2,0,0,1.0,0,2,2,0,0.0,1,0.5,0,1,1246,2678,27372,1795,1,0,0,0,0,0,0,0,0,0,0,0,0,0,0,0,0,0.0,0,40.0,
harakont,2,2,0,0,1.0,0,2,2,0,0.0,1,0.5,2,3,330,426,2523,1615,1,0,0,113,3,6,0,0,2,0,0,0,0,0,0,0,0,0.0,0,40.0,
SagamoreMount,4,4,0,1,1.0,1,4,4,0,0.0,1,0.25,0,3,133,425,4114,598,1,0,0,113,3,7,1,6,3,1,54,177,0,0,0,0,0,0.0004,1,38.75,
InafiZinaf1,3,3,0,0,1.0,0,3,3,0,0.0,1,0.3333,0,0,557,173,1091,396,1,0,0,113,5,11,0,2,3,0,0,0,0,0,0,0,0,0.0,0,38.33,
anarchistdonkey,13,10,3,3,0.7692,8,10,10,0,0.0,1,0.1,6,0,5614,2372,160168,4489,0,0,0,0,0,0,0,0,0,0,0,0,0,0,1,0,0,0.003,8,37.92,
KosmidisStathis,6,5,1,0,0.8333,3,5,5,1,0.2,1,0.2,2,0,9687,5717,81668,4187,1,0,0,113,3,6,0,3,2,0,0,0,0,0,1,0,0,0.0011,3,37.92,
4lhc_athens,3,1,2,0,0.3333,1,1,1,1,1.0,1,1.0,1,2,234,244,3416,203,1,0,0,0,0,0,0,0,0,0,0,0,1,0,0,0,0,0.0004,1,37.92,
57lista,16,9,7,7,0.5625,6,9,7,5,0.5556,2,0.2222,0,0,1650,1546,15838,1693,1,0,0,113,7,22,2,6,4,1,54,177,0,0,0,0,0,0.0022,6,37.74,
steiger_st28082,13,10,3,0,0.7692,7,10,9,0,0.0,2,0.2,0,8,2122,3165,130091,1123,1,0,0,113,9,19,2,10,3,0,0,0,1,0,0,0,0,0.0026,7,37.67,
kostasagg1965,9,6,3,3,0.6667,6,6,6,2,0.3333,1,0.1667,0,0,356,7209,34808,1448,1,0,0,0,0,0,0,0,0,0,0,0,1,0,0,0,0,0.0022,6,37.5,
CMentat,6,5,1,3,0.8333,5,5,5,0,0.0,1,0.2,0,0,529,656,7106,583,1,0,0,0,0,0,0,0,0,0,0,0,1,0,0,0,0,0.0019,5,37.42,
AnAthenianToLDN,20,13,7,7,0.65,8,13,13,3,0.2308,1,0.0769,1,0,22210,2365,229345,5440,0,0,0,113,4,9,3,4,3,0,0,0,0,0,1,0,0,0.003,8,36.98,
GP_74_,3,2,1,1,0.6667,0,2,2,1,0.5,1,0.5,0,1,1328,1022,18381,1057,1,0,0,0,0,0,0,0,0,0,0,0,0,0,0,0,0,0.0,0,35.83,
Hlsn0iQdRGXJ7lw,5,3,2,0,0.6,1,3,3,2,0.6667,1,0.3333,5,1,1348,2099,42722,1721,1,0,0,0,0,0,0,0,0,0,0,0,0,0,0,0,0,0.0004,1,35.58,
seriousthreat98,5,4,1,3,0.8,4,4,4,0,0.0,1,0.25,3,1,812,427,13723,1191,1,0,0,0,0,0,0,0,0,0,0,0,0,0,0,0,0,0.0015,4,35.5,
DDeppied,6,5,1,2,0.8333,3,5,5,0,0.0,1,0.2,0,0,3799,2896,30952,3058,1,0,0,113,1,2,1,2,2,0,0,0,0,0,0,0,0,0.0011,3,34.92,
unico11226,6,5,1,1,0.8333,3,5,5,0,0.0,1,0.2,0,0,790,2131,7194,80,1,0,1,113,1,2,0,2,2,0,0,0,1,0,0,0,0,0.0011,3,34.92,
tazmanolis,9,6,3,2,0.6667,6,6,5,0,0.0,2,0.3333,0,15,14601,6089,361403,2435,1,0,1,0,0,0,0,0,0,0,0,0,0,0,0,0,0,0.0022,6,34.17,
parodynews,13,9,4,4,0.6923,7,9,9,0,0.0,1,0.1111,0,1,3574,4099,180045,6000,0,0,0,113,1,3,0,0,3,0,0,0,0,0,1,0,0,0.0026,7,34.09,
MariaKoki3,7,5,2,1,0.7143,4,5,4,0,0.0,2,0.4,0,0,1402,753,123883,1202,1,0,0,113,2,4,0,1,2,0,0,0,1,0,0,0,0,0.0015,4,34.0,
EAdamopoulou,4,1,3,2,0.25,0,1,1,1,1.0,1,1.0,0,2,8669,1792,75881,5438,0,0,1,0,0,0,0,0,0,0,0,0,0,0,0,0,1,0.0,0,33.75,
freemindspirits,6,4,2,2,0.6667,4,4,3,0,0.0,2,0.5,0,0,1438,3095,100941,5091,1,0,0,0,0,0,0,0,0,0,0,0,1,0,0,0,0,0.0015,4,33.33,
nikos_aggelakis,10,6,4,5,0.6,3,6,5,2,0.3333,2,0.3333,1,5,554,1161,11604,5238,1,0,0,113,3,6,1,3,2,0,0,0,1,0,0,0,0,0.0011,3,33.08,
AthanasiouCccp,16,9,7,4,0.5625,6,9,7,2,0.2222,2,0.2222,0,2,6137,5379,145408,4864,1,0,0,0,0,0,0,0,0,0,0,0,0,0,1,0,0,0.0022,6,32.74,
amantomatimou,20,11,9,9,0.55,10,11,11,0,0.0,1,0.0909,2,1,5604,557,82663,5533,0,0,0,0,0,0,0,0,0,0,0,0,0,0,1,0,0,0.0037,10,32.66,
dkDurcGYTIpZdKl,4,3,1,0,0.75,2,3,3,0,0.0,1,0.3333,3,4,3399,2364,97045,3200,1,0,0,113,3,6,0,1,2,0,0,0,0,0,1,0,0,0.0007,2,32.08,
Lalunaromantico,5,3,2,1,0.6,2,3,3,1,0.3333,1,0.3333,2,2,2036,1046,23948,4126,1,0,0,0,0,0,0,0,0,0,0,0,0,0,0,0,0,0.0007,2,31.83,
ippotech,5,3,2,1,0.6,2,3,3,1,0.3333,1,0.3333,0,3,3979,4566,81458,5497,0,0,0,0,0,0,0,0,0,0,0,0,0,0,0,0,0,0.0007,2,31.83,
giorgosgreen,3,2,1,0,0.6667,2,2,2,0,0.0,1,0.5,1,0,1121,557,10258,2641,1,0,0,0,0,0,0,0,0,0,0,0,0,0,0,0,0,0.0007,2,30.83,
hellaspecial,3,2,1,1,0.6667,2,2,2,0,0.0,1,0.5,2,0,5639,4362,162588,2813,1,0,1,0,0,0,0,0,0,0,0,0,0,0,1,0,0,0.0007,2,30.83,
JSweetGR,13,9,4,4,0.6923,1,9,9,2,0.2222,1,0.1111,0,2,3254,2126,70975,6220,0,0,1,113,6,17,0,10,6,1,54,177,0,0,0,0,0,0.0004,1,29.92,
2eateras,2,1,1,1,0.5,1,1,1,0,0.0,1,1.0,6,0,692,2062,14777,2636,1,0,0,0,0,0,0,0,0,0,0,0,0,0,0,0,0,0.0004,1,28.75,
LosKarabou79397,2,1,1,2,0.5,1,1,1,0,0.0,1,1.0,2,0,256,283,890,52,1,0,0,0,0,0,0,0,0,0,0,0,1,0,0,0,0,0.0004,1,28.75,
Manolo_math,2,1,1,0,0.5,1,1,1,0,0.0,1,1.0,3,0,1802,2290,11940,5248,0,0,0,0,0,0,0,0,0,0,0,0,0,0,0,0,0,0.0004,1,28.75,
PanosStayis,2,1,1,1,0.5,1,1,1,0,0.0,1,1.0,0,0,347,348,6839,1059,1,0,0,0,0,0,0,0,0,0,0,0,1,0,0,0,0,0.0004,1,28.75,
VanaT66,2,1,1,0,0.5,1,1,1,0,0.0,1,1.0,0,1,1596,1623,40088,2459,1,0,0,0,0,0,0,0,0,0,0,0,0,0,0,0,0,0.0004,1,28.75,
VaragiosP,2,1,1,1,0.5,1,1,1,0,0.0,1,1.0,0,1,289,293,12912,1930,1,0,0,0,0,0,0,0,0,0,0,0,1,0,0,0,0,0.0004,1,28.75,
bolltzmann,2,1,1,0,0.5,1,1,1,0,0.0,1,1.0,0,0,13397,5157,37441,4472,0,0,1,0,0,0,0,0,0,0,0,0,0,0,0,0,0,0.0004,1,28.75,
despica67766915,2,1,1,0,0.5,1,1,1,0,0.0,1,1.0,0,0,845,1153,17985,2389,1,0,0,0,0,0,0,0,0,0,0,0,1,0,0,0,0,0.0004,1,28.75,
isidoragiou1,2,1,1,1,0.5,1,1,1,0,0.0,1,1.0,0,0,600,291,15266,3858,0,0,0,0,0,0,0,0,0,0,0,0,1,0,0,0,0,0.0004,1,28.75,
lordos_noble,2,1,1,0,0.5,1,1,1,0,0.0,1,1.0,0,0,1318,983,108871,2189,1,0,0,0,0,0,0,0,0,0,0,0,0,0,0,0,0,0.0004,1,28.75,
pnevan11,2,1,1,0,0.5,1,1,1,0,0.0,1,1.0,0,0,620,1460,7991,3628,1,0,0,0,0,0,0,0,0,0,0,0,1,0,0,0,0,0.0004,1,28.75,
kostasp194,2,1,1,0,0.5,0,1,1,0,0.0,1,1.0,0,0,3520,4117,47789,3419,1,0,0,0,0,0,0,0,0,0,0,0,0,0,0,0,0,0.0,0,27.5,
packad__,2,1,1,1,0.5,0,1,1,0,0.0,1,1.0,1,2,165,607,8129,2352,1,0,0,0,0,0,0,0,0,0,0,0,1,0,0,0,0,0.0,0,27.5,
Abovelaw13,18,8,10,4,0.4444,8,8,8,0,0.0,1,0.125,29,8,1065,582,11036,1725,1,0,1,0,0,0,0,0,0,0,0,0,1,0,0,0,0,0.003,8,26.8,
phtochos1,6,2,4,0,0.3333,1,2,2,1,0.5,1,0.5,1,0,11076,9207,144540,1466,1,0,0,0,0,0,0,0,0,0,0,0,0,0,0,0,0,0.0004,1,25.42,
Philipos1991486,4,2,2,1,0.5,2,2,2,0,0.0,1,0.5,0,0,29,122,563,40,1,0,0,0,0,0,0,0,0,0,0,0,1,0,0,0,0,0.0007,2,25.0,
aprosarmostos_,4,2,2,4,0.5,2,2,2,0,0.0,1,0.5,0,0,4339,3290,61962,3683,1,0,0,0,0,0,0,0,0,0,0,0,0,0,0,0,0,0.0007,2,25.0,
consue_banana_,4,2,2,0,0.5,2,2,2,0,0.0,1,0.5,1,3,3652,2365,27042,598,1,0,0,0,0,0,0,0,0,0,0,0,0,0,0,0,0,0.0007,2,25.0,
Athanasiosfara1,3,1,2,2,0.3333,1,1,1,0,0.0,1,1.0,0,0,2864,1821,191603,3743,1,0,1,0,0,0,0,0,0,0,0,0,0,0,0,0,0,0.0004,1,22.92,
Veltsi_Legacy,10,4,6,3,0.4,1,4,4,1,0.25,1,0.25,0,1,1222,575,12790,940,1,0,1,113,2,4,1,1,2,0,0,0,0,0,0,0,0,0.0004,1,21.5,
Dv500x,4,1,3,3,0.25,1,1,1,0,0.0,1,1.0,0,0,575,322,17742,1799,1,0,0,0,0,0,0,0,0,0,0,0,0,0,0,0,1,0.0004,1,20.0,
RXRqdEgogik2Z9P,4,1,3,0,0.25,1,1,1,0,0.0,1,1.0,0,0,3534,1052,22445,2458,1,0,0,0,0,0,0,0,0,0,0,0,0,0,0,0,1,0.0004,1,20.0,
bobidion,4,1,3,0,0.25,1,1,1,0,0.0,1,1.0,3,0,5710,2893,51612,5263,0,0,0,0,0,0,0,0,0,0,0,0,0,0,0,0,1,0.0004,1,20.0,
steliostso,6,2,4,1,0.3333,2,2,2,0,0.0,1,0.5,0,1,6022,5845,66762,5716,0,0,0,0,0,0,0,0,0,0,0,0,0,0,0,0,0,0.0007,2,19.17,
HRessed,4,1,3,4,0.25,0,1,1,0,0.0,1,1.0,0,0,437,435,5873,181,1,0,0,0,0,0,0,0,0,0,0,0,0,0,0,0,1,0.0,0,18.75,
failosK,4,1,3,0,0.25,0,1,1,0,0.0,1,1.0,0,1,47465,2212,56828,5122,1,0,0,0,0,0,0,0,0,0,0,0,0,0,0,0,1,0.0,0,18.75,
agnwstos_x_,5,1,4,0,0.2,1,1,1,0,0.0,1,1.0,4,0,4249,1617,45913,4414,1,0,0,0,0,0,0,0,0,0,0,0,0,0,0,0,1,0.0004,1,18.25,
Jan__Sobieski,44,9,35,32,0.2045,6,9,7,0,0.0,3,0.3333,2,7,1147,814,36645,2138,1,0,0,113,1,2,0,0,2,0,0,0,0,0,0,0,1,0.0022,6,17.99,
MAVROJOHN,7,2,5,0,0.2857,2,2,2,0,0.0,1,0.5,0,0,262,382,6385,5175,1,0,0,0,0,0,0,0,0,0,0,0,0,0,0,0,1,0.0007,2,17.5,
Greekprn,8,1,7,0,0.125,1,1,1,0,0.0,1,1.0,6,0,6049,3860,157877,5322,0,0,0,0,0,0,0,0,0,0,0,0,0,0,0,0,1,0.0004,1,15.62,
trescommeilfaut,9,1,8,0,0.1111,1,1,1,0,0.0,1,1.0,0,0,1736,846,11948,3069,0,0,0,0,0,0,0,0,0,0,0,0,0,0,0,0,1,0.0004,1,15.14,
NodarasSpiros,26,4,22,22,0.1538,2,4,4,1,0.25,1,0.25,0,0,8696,2447,191100,4980,1,0,0,113,4,9,1,3,3,0,0,0,0,0,0,0,1,0.0007,2,14.13,
DvsDvs60195368,32,0,32,12,0.0,0,0,0,0,0.0,0,0.0,0,0,3470,3429,62532,1194,1,0,1,0,0,0,0,0,0,0,0,0,0,0,0,0,1,0.0,0,0.0,
ellada24,17,0,17,0,0.0,0,0,0,0,0.0,0,0.0,1,0,29791,1448,89357,1749,1,0,1,0,0,0,0,0,0,0,0,0,0,0,0,0,1,0.0,0,0.0,
MoudilosV,7,0,7,3,0.0,0,0,0,0,0.0,0,0.0,6,0,1880,1739,24639,6065,0,0,1,0,0,0,0,0,0,0,0,0,0,0,0,0,1,0.0,0,0.0,
olofwti_agapi,7,0,7,1,0.0,0,0,0,0,0.0,0,0.0,7,0,348,134,5599,1238,1,0,0,0,0,0,0,0,0,0,0,0,0,0,0,0,1,0.0,0,0.0,
John_Fletcher70,5,0,5,4,0.0,0,0,0,0,0.0,0,0.0,0,2,4247,955,118494,4663,0,0,0,0,0,0,0,0,0,0,0,0,0,0,0,0,1,0.0,0,0.0,
ObserverGr71726,5,0,5,0,0.0,0,0,0,0,0.0,0,0.0,5,0,460,358,16459,1060,1,0,0,0,0,0,0,0,0,0,0,0,0,0,0,0,1,0.0,0,0.0,
Wwwwww42362442,4,0,4,3,0.0,0,0,0,0,0.0,0,0.0,0,0,1978,3158,28032,3123,1,0,0,0,0,0,0,0,0,0,0,0,0,0,0,0,1,0.0,0,0.0,
gospodinmedvedd,4,0,4,2,0.0,0,0,0,0,0.0,0,0.0,1,1,340,369,4851,988,1,0,0,0,0,0,0,0,0,0,0,0,0,0,0,0,1,0.0,0,0.0,
2PAzkjh6oFRW77D,3,0,3,3,0.0,0,0,0,0,0.0,0,0.0,0,0,4579,2281,116067,2358,1,0,0,0,0,0,0,0,0,0,0,0,0,0,0,0,1,0.0,0,0.0,
Apstolos14616,3,0,3,1,0.0,0,0,0,0,0.0,0,0.0,0,0,143,169,2105,81,1,1,1,0,0,0,0,0,0,0,0,0,0,0,0,0,1,0.0,0,0.0,
AstyMpekas,3,0,3,2,0.0,0,0,0,0,0.0,0,0.0,1,3,311,153,6990,555,1,0,0,0,0,0,0,0,0,0,0,0,0,0,0,0,1,0.0,0,0.0,
daenerys777777,3,0,3,1,0.0,0,0,0,0,0.0,0,0.0,0,0,703,567,8218,445,1,0,0,0,0,0,0,0,0,0,0,0,0,0,0,0,1,0.0,0,0.0,
hellasspecial,3,0,3,0,0.0,0,0,0,0,0.0,0,0.0,0,0,15885,9906,147791,3752,0,0,0,0,0,0,0,0,0,0,0,0,0,0,0,0,1,0.0,0,0.0,
melambus,3,0,3,2,0.0,0,0,0,0,0.0,0,0.0,0,0,1486,2282,32045,2220,1,0,0,0,0,0,0,0,0,0,0,0,0,0,0,0,1,0.0,0,0.0,
n_palaiopanou,3,0,3,1,0.0,0,0,0,0,0.0,0,0.0,0,3,,,,,,,,0,0,0,0,0,0,0,0,0,0,0,0,0,1,0.0,0,0.0,
omadaalithias,3,0,3,0,0.0,0,0,0,0,0.0,0,0.0,0,0,110834,581,15859,4957,0,0,1,0,0,0,0,0,0,0,0,0,0,0,0,0,1,0.0,0,0.0,
AChamouza,2,0,2,2,0.0,0,0,0,0,0.0,0,0.0,0,2,217,347,2801,1133,1,0,0,0,0,0,0,0,0,0,0,0,1,0,0,0,0,0.0,0,0.0,
FotisMagnisia,2,0,2,1,0.0,0,0,0,0,0.0,0,0.0,0,0,2020,1216,55380,5469,0,0,0,0,0,0,0,0,0,0,0,0,0,0,0,0,0,0.0,0,0.0,
MatrimC110073,2,0,2,1,0.0,0,0,0,0,0.0,0,0.0,0,0,959,1450,17967,1368,1,0,1,0,0,0,0,0,0,0,0,0,0,0,0,0,0,0.0,0,0.0,
Rinokeros2023,2,0,2,0,0.0,0,0,0,0,0.0,0,0.0,2,0,27,114,2947,1161,1,0,0,0,0,0,0,0,0,0,0,0,1,0,0,0,0,0.0,0,0.0,
Tiramolas_,2,0,2,0,0.0,0,0,0,0,0.0,0,0.0,2,2,90,102,985,80,1,0,0,0,0,0,0,0,0,0,0,0,1,0,0,0,0,0.0,0,0.0,
__darcelX__,2,0,2,0,0.0,0,0,0,0,0.0,0,0.0,0,0,9121,347,20806,1686,1,0,0,0,0,0,0,0,0,0,0,0,0,0,0,0,0,0.0,0,0.0,
BaboonTje,1,0,1,0,0.0,0,0,0,0,0.0,0,0.0,0,0,332,418,20680,2235,1,0,0,0,0,0,0,0,0,0,0,0,1,0,0,0,0,0.0,0,0.0,
Captain_Sparos,1,0,1,0,0.0,0,0,0,0,0.0,0,0.0,1,0,587,686,13726,5889,0,0,0,0,0,0,0,0,0,0,0,0,1,0,0,0,0,0.0,0,0.0,
DoctorStrangeGr,1,0,1,1,0.0,0,0,0,0,0.0,0,0.0,0,0,2591,493,16539,1410,1,0,0,0,0,0,0,0,0,0,0,0,0,0,0,0,0,0.0,0,0.0,
Drifter_1066,1,0,1,0,0.0,0,0,0,0,0.0,0,0.0,0,2,,,,,,,,0,0,0,0,0,0,0,0,0,0,0,0,0,0,0.0,0,0.0,
GeorghyZhukov,1,0,1,0,0.0,0,0,0,0,0.0,0,0.0,0,0,37798,1305,52909,6183,0,0,1,0,0,0,0,0,0,0,0,0,0,0,1,0,0,0.0,0,0.0,
Guson653566,1,0,1,0,0.0,0,0,0,0,0.0,0,0.0,0,1,,,,,,,,0,0,0,0,0,0,0,0,0,0,0,0,0,0,0.0,0,0.0,
HFirstpriest,1,0,1,0,0.0,0,0,0,0,0.0,0,0.0,0,1,,,,,,,,0,0,0,0,0,0,0,0,0,0,0,0,0,0,0.0,0,0.0,
Iliserp,1,0,1,0,0.0,0,0,0,0,0.0,0,0.0,1,0,416,1283,15823,3803,1,0,1,0,0,0,0,0,0,0,0,0,1,0,0,0,0,0.0,0,0.0,
LKleitou,1,0,1,0,0.0,0,0,0,0,0.0,0,0.0,0,0,14854,1835,18030,2788,1,0,0,0,0,0,0,0,0,0,0,0,0,0,1,0,0,0.0,0,0.0,
Lollos1242232,1,0,1,0,0.0,0,0,0,0,0.0,0,0.0,0,1,,,,,,,,0,0,0,0,0,0,0,0,0,0,0,0,0,0,0.0,0,0.0,
MarkRenieris,1,0,1,0,0.0,0,0,0,0,0.0,0,0.0,1,0,403,439,12865,1159,1,0,0,0,0,0,0,0,0,0,0,0,0,0,0,0,0,0.0,0,0.0,
Melbourne57,1,0,1,0,0.0,0,0,0,0,0.0,0,0.0,0,0,1678,1948,57113,5176,0,0,0,0,0,0,0,0,0,0,0,0,1,0,0,0,0,0.0,0,0.0,
PhunkD14,1,0,1,0,0.0,0,0,0,0,0.0,0,0.0,0,0,240,1010,8740,1240,1,0,0,0,0,0,0,0,0,0,0,0,1,0,0,0,0,0.0,0,0.0,
Pi8kiavlozampis,1,0,1,0,0.0,0,0,0,0,0.0,0,0.0,0,1,,,,,,,,0,0,0,0,0,0,0,0,0,0,0,0,0,0,0.0,0,0.0,
StavrosKol9528,1,0,1,0,0.0,0,0,0,0,0.0,0,0.0,0,0,296,127,2721,530,1,0,1,0,0,0,0,0,0,0,0,0,0,0,1,0,0,0.0,0,0.0,
Sunflower19731,1,0,1,1,0.0,0,0,0,0,0.0,0,0.0,0,0,203,234,2367,2629,1,0,0,0,0,0,0,0,0,0,0,0,1,0,0,0,0,0.0,0,0.0,
SuperAnthonyA,1,0,1,0,0.0,0,0,0,0,0.0,0,0.0,1,0,871,1284,26491,5638,1,0,0,0,0,0,0,0,0,0,0,0,1,0,0,0,0,0.0,0,0.0,
Tasos3025749307,1,0,1,0,0.0,0,0,0,0,0.0,0,0.0,0,1,113,56,5763,1088,1,0,0,0,0,0,0,0,0,0,0,0,0,0,0,0,0,0.0,0,0.0,
TheSurigata,1,0,1,0,0.0,0,0,0,0,0.0,0,0.0,3,0,580,286,23438,1582,1,0,0,0,0,0,0,0,0,0,0,0,1,0,0,0,0,0.0,0,0.0,
TheocharousH,1,0,1,1,0.0,0,0,0,0,0.0,0,0.0,0,1,,,,,,,,0,0,0,0,0,0,0,0,0,0,0,0,0,0,0.0,0,0.0,
akenaton37,1,0,1,0,0.0,0,0,0,0,0.0,0,0.0,1,0,33,17,4092,2100,1,0,0,0,0,0,0,0,0,0,0,0,1,0,0,0,0,0.0,0,0.0,
artz1b00rtz1,1,0,1,1,0.0,0,0,0,0,0.0,0,0.0,0,0,592,877,15267,1192,1,0,0,0,0,0,0,0,0,0,0,0,1,0,0,0,0,0.0,0,0.0,
bounty_hunter0x,1,0,1,1,0.0,0,0,0,0,0.0,0,0.0,0,1,71,191,2925,1651,1,0,0,0,0,0,0,0,0,0,0,0,1,0,0,0,0,0.0,0,0.0,
christoskostaki,1,0,1,0,0.0,0,0,0,0,0.0,0,0.0,0,1,,,,,,,,0,0,0,0,0,0,0,0,0,0,0,0,0,0,0.0,0,0.0,
doumpalis,1,0,1,1,0.0,0,0,0,0,0.0,0,0.0,0,0,264,335,7811,2494,1,1,0,0,0,0,0,0,0,0,0,0,1,0,0,0,0,0.0,0,0.0,
el39984,1,0,1,0,0.0,0,0,0,0,0.0,0,0.0,0,0,656,222,7714,258,1,0,0,0,0,0,0,0,0,0,0,0,0,0,0,0,0,0.0,0,0.0,
giapantaxontros,1,0,1,1,0.0,0,0,0,0,0.0,0,0.0,0,0,247,310,10412,1775,1,0,0,0,0,0,0,0,0,0,0,0,1,0,0,0,0,0.0,0,0.0,
hermesjk,1,0,1,0,0.0,0,0,0,0,0.0,0,0.0,0,1,451,379,11675,6085,0,0,0,0,0,0,0,0,0,0,0,0,1,0,0,0,0,0.0,0,0.0,
kefalaiouxos,1,0,1,0,0.0,0,0,0,0,0.0,0,0.0,0,0,558,208,20904,2069,1,0,0,0,0,0,0,0,0,0,0,0,1,0,0,0,0,0.0,0,0.0,
kikirik_nik,1,0,1,0,0.0,0,0,0,0,0.0,0,0.0,0,0,3756,110,16460,4340,0,0,0,0,0,0,0,0,0,0,0,0,0,0,1,0,0,0.0,0,0.0,
kontologis,1,0,1,0,0.0,0,0,0,0,0.0,0,0.0,0,0,6822,3645,80336,2840,0,0,0,0,0,0,0,0,0,0,0,0,0,0,0,0,0,0.0,0,0.0,
myga_tse,1,0,1,0,0.0,0,0,0,0,0.0,0,0.0,0,1,,,,,,,,0,0,0,0,0,0,0,0,0,0,0,0,0,0,0.0,0,0.0,
nikglykos,1,0,1,0,0.0,0,0,0,0,0.0,0,0.0,0,2,7939,6406,242655,5339,0,0,0,0,0,0,0,0,0,0,0,0,0,0,1,0,0,0.0,0,0.0,
pJNs4ACgiayAknX,1,0,1,0,0.0,0,0,0,0,0.0,0,0.0,0,0,2151,2291,27493,2532,1,0,0,0,0,0,0,0,0,0,0,0,1,0,0,0,0,0.0,0,0.0,
panagitsma78169,1,0,1,0,0.0,0,0,0,0,0.0,0,0.0,1,0,78,98,5611,820,1,0,0,0,0,0,0,0,0,0,0,0,1,0,0,0,0,0.0,0,0.0,
paoktses,1,0,1,0,0.0,0,0,0,0,0.0,0,0.0,0,0,1285,992,7870,1490,1,0,0,0,0,0,0,0,0,0,0,0,1,0,0,0,0,0.0,0,0.0,
prng2777,1,0,1,0,0.0,0,0,0,0,0.0,0,0.0,0,0,3265,2175,19158,3221,0,0,0,0,0,0,0,0,0,0,0,0,0,0,0,0,0,0.0,0,0.0,
vasgeo310,1,0,1,1,0.0,0,0,0,0,0.0,0,0.0,0,0,575,1889,39938,5842,1,0,0,0,0,0,0,0,0,0,0,0,0,0,0,0,0,0.0,0,0.0,
vxaz_79,1,0,1,1,0.0,0,0,0,0,0.0,0,0.0,0,0,2754,4069,24847,4563,1,0,1,0,0,0,0,0,0,0,0,0,1,0,0,0,0,0.0,0,0.0,
