account_handle,tweet_count,retweet_count,original_count,quote_count,retweet_ratio,first_retweeter_count,unique_retweeted_tweet_count,unique_retweeted_author_count,retweets_to_member_count,retweets_to_member_ratio,top_amplified_count,top_amplified_share,hashtag_count,mention_count,followers_count,friends_count,statuses_count,account_age_days,default_profile,default_profile_image,is_blue_verified,network_component_size,network_neighbor_count,network_weighted_degree,network_within_15m_weight,network_within_60m_weight,network_max_shared_edge,coordination_score,analyst_label
angelikitsakani,52,52,0,16,1.0,34,52,40,25,0.4808,4,0.0769,11,11,3158,3849,130974,5206,1,0,0,61,23,107,5,35,15,82.98,
46spiros,104,104,0,12,1.0,60,104,77,41,0.3942,6,0.0577,68,50,1110,386,261141,4739,1,0,0,61,33,156,12,84,16,81.49,
chrysib11,36,36,0,4,1.0,19,36,30,15,0.4167,3,0.0833,9,6,3810,5552,464374,4440,1,0,0,61,19,77,12,40,10,80.83,
nickthegreek5,145,145,0,10,1.0,55,145,94,45,0.3103,6,0.0414,18,41,6391,2507,385211,5462,0,0,0,61,49,281,33,139,23,80.07,
MasenkaMm230158,38,38,0,11,1.0,19,38,27,8,0.2105,3,0.0789,2,3,599,392,32732,1847,1,0,0,61,17,45,4,21,6,77.7,
paliakaravana59,70,70,0,0,1.0,58,70,61,10,0.1429,2,0.0286,8,21,1696,203,341934,2314,1,0,0,61,11,38,7,22,9,77.43,
Catps66,19,19,0,4,1.0,14,19,17,5,0.2632,2,0.1053,1,1,1051,2643,31892,1509,1,0,0,61,5,13,0,3,5,72.5,
ABCHeckles,13,13,0,1,1.0,11,13,12,6,0.4615,2,0.1538,0,2,5954,4329,205427,4898,1,0,0,61,6,17,0,2,4,72.21,
PitSpencer,19,19,0,5,1.0,13,19,19,5,0.2632,1,0.0526,0,1,965,1996,50912,1192,1,0,0,61,11,29,3,7,5,70.72,
Track11John,224,219,5,75,0.9777,143,219,78,123,0.5616,66,0.3014,43,44,885,734,193162,1447,1,0,0,61,34,215,33,110,26,70.66,
Aaagiiisss,25,25,0,6,1.0,14,25,22,2,0.08,3,0.12,7,0,712,1391,49379,3200,1,0,0,61,9,20,0,10,4,69.9,
Loxagos_Mark,24,24,0,2,1.0,12,24,23,6,0.25,2,0.0833,9,5,7001,7423,301622,4805,1,0,1,61,15,43,1,12,9,69.58,
Fotinh5,6,6,0,1,1.0,3,6,5,5,0.8333,2,0.3333,1,1,3794,2942,62847,1637,1,0,0,61,4,8,0,3,2,69.58,
galex1908,15,15,0,0,1.0,12,15,14,2,0.1333,2,0.1333,3,2,16225,17346,592099,4953,0,0,0,61,6,15,1,4,4,68.33,
hatz_patty,55,52,3,18,0.9455,37,52,29,31,0.5962,6,0.1154,3,11,9017,6065,285652,5377,0,0,0,61,22,77,10,44,11,68.19,
TheMadoula,14,14,0,2,1.0,8,14,14,6,0.4286,1,0.0714,0,7,3081,3671,64190,5880,0,0,0,61,6,18,1,4,4,67.14,
TsigkaEfi,9,9,0,0,1.0,6,9,8,4,0.4444,2,0.2222,2,1,1013,568,25882,1313,1,0,0,61,6,17,1,2,4,66.39,
madonnamaniac,12,12,0,1,1.0,12,12,12,0,0.0,1,0.0833,2,2,3193,844,88330,5630,0,0,0,0,0,0,0,0,0,65.83,
Fay82776914F,7,7,0,3,1.0,6,7,7,3,0.4286,1,0.1429,2,1,1524,1419,49010,3502,1,0,0,61,4,10,1,4,4,65.36,
giannMak,78,76,2,10,0.9744,28,76,55,29,0.3816,4,0.0526,25,17,6812,6704,173949,4078,0,0,0,61,34,191,20,85,23,65.35,
IK25818385,5,5,0,0,1.0,5,5,3,1,0.2,3,0.6,14,0,1045,3296,10624,1870,1,0,0,0,0,0,0,0,0,65.25,
sinakatsarou,37,36,1,9,0.973,19,36,31,14,0.3889,3,0.0833,4,9,7703,1969,214445,2667,1,0,0,61,12,49,9,34,9,64.47,
silaserafim,14,14,0,2,1.0,11,14,14,0,0.0,1,0.0714,0,0,40724,2207,449248,5646,0,0,0,61,1,2,0,2,2,64.46,
vythos70,53,50,3,1,0.9434,41,50,42,14,0.28,2,0.04,16,14,10517,10473,390796,1962,1,0,0,61,14,52,7,24,9,62.62,
GiotaPapapetrou,105,103,2,3,0.981,97,103,66,9,0.0874,15,0.1456,15,15,4692,3427,457363,1917,1,0,0,61,6,17,3,6,4,62.1,
NonameTZ,6,6,0,2,1.0,1,6,5,3,0.5,2,0.3333,3,5,478,585,19816,5445,0,0,0,61,6,16,0,10,4,62.08,
Myrtilo01,8,8,0,0,1.0,6,8,6,1,0.125,2,0.25,0,0,305,338,19433,5411,0,0,0,0,0,0,0,0,0,61.88,
chkls,8,8,0,4,1.0,6,8,7,1,0.125,2,0.25,2,0,1579,756,78080,5499,1,0,0,0,0,0,0,0,0,61.88,
AndriotGreg,1,1,0,0,1.0,1,1,1,1,1.0,1,1.0,0,0,1271,1279,9361,2988,1,0,0,0,0,0,0,0,0,61.25,
ChrisDarko39,1,1,0,0,1.0,1,1,1,1,1.0,1,1.0,1,0,3758,3934,15500,5453,0,0,0,0,0,0,0,0,0,61.25,
pOURc3ero9j906K,1,1,0,0,1.0,1,1,1,1,1.0,1,1.0,0,0,3069,2302,5018,1708,1,0,0,0,0,0,0,0,0,61.25,
DonConsclavios,14,14,0,1,1.0,6,14,12,2,0.1429,2,0.1429,3,9,302,817,6526,1017,1,0,1,61,9,24,2,14,4,61.07,
aggelikiME25,26,25,1,3,0.9615,25,25,23,2,0.08,3,0.12,6,2,5546,1941,303694,3653,1,0,0,0,0,0,0,0,0,61.05,
AgelisDimitris,81,72,9,18,0.8889,39,72,51,21,0.2917,4,0.0556,10,17,2169,2274,188756,2183,1,0,0,61,24,113,13,57,17,61.04,
LitsaXarou,5,5,0,0,1.0,4,5,3,0,0.0,3,0.6,0,0,13010,12665,180673,4085,1,0,0,0,0,0,0,0,0,61.0,
johnblandos,40,35,5,2,0.875,24,35,27,11,0.3143,2,0.0571,8,12,1950,2953,156490,4531,1,0,0,61,10,40,3,17,9,60.91,
BananaJoeReload,6,6,0,0,1.0,6,6,5,0,0.0,2,0.3333,1,1,6511,7360,357893,3191,1,0,0,0,0,0,0,0,0,60.83,
Xeniaxe19580370,13,13,0,0,1.0,8,13,13,0,0.0,1,0.0769,1,0,741,163,16430,1679,1,0,0,61,4,9,1,7,3,60.77,
CharilaosPapad1,5,5,0,2,1.0,2,5,5,2,0.4,1,0.2,0,0,358,385,12693,1592,1,0,0,61,2,4,1,3,2,60.5,
LGkvas,12,12,0,0,1.0,2,12,11,5,0.4167,2,0.1667,1,0,969,1364,8090,3334,1,0,0,61,7,18,3,10,5,60.42,
teo_ntaleki,6,6,0,1,1.0,3,6,6,2,0.3333,1,0.1667,2,0,701,1665,27224,1087,1,0,0,61,4,8,1,4,2,60.42,
Anna_Moun,1,1,0,1,1.0,0,1,1,1,1.0,1,1.0,0,0,1434,1365,22304,3163,1,0,0,0,0,0,0,0,0,60.0,
Evitel_,1,1,0,0,1.0,0,1,1,1,1.0,1,1.0,0,0,2496,1278,49558,5530,0,0,1,0,0,0,0,0,0,60.0,
Realism_47,1,1,0,0,1.0,0,1,1,1,1.0,1,1.0,0,0,1237,4248,20293,1890,1,0,0,0,0,0,0,0,0,60.0,
ThanosKten,1,1,0,0,1.0,0,1,1,1,1.0,1,1.0,0,0,674,636,6541,467,1,0,1,0,0,0,0,0,0,60.0,
Tina5996,1,1,0,0,1.0,0,1,1,1,1.0,1,1.0,0,0,159,186,12010,1391,1,0,0,0,0,0,0,0,0,60.0,
moonshinegr,1,1,0,1,1.0,0,1,1,1,1.0,1,1.0,0,0,544,399,24518,3998,1,0,0,0,0,0,0,0,0,60.0,
JtfYiannis,2,2,0,1,1.0,0,2,2,2,1.0,1,0.5,2,0,2383,3357,12378,3670,0,0,0,61,3,6,1,3,2,55.0,
G4Heron,16,15,1,3,0.9375,15,15,14,2,0.1333,2,0.1333,0,1,10219,6912,294388,4053,0,0,0,0,0,0,0,0,0,54.89,
RockRock222555,72,51,21,32,0.7083,30,51,38,14,0.2745,4,0.0784,13,12,1734,1847,66987,1855,1,0,0,61,22,90,14,61,12,54.69,
Briassulis,55,38,17,22,0.6909,21,38,27,10,0.2632,4,0.1053,14,19,1787,1146,266396,1917,1,0,0,61,15,75,9,45,26,54.18,
greek_paris_13,17,16,1,7,0.9412,12,16,14,3,0.1875,3,0.1875,5,3,6880,2864,147397,5295,0,0,0,61,1,2,0,1,2,52.63,
K_Sav215,56,38,18,11,0.6786,31,38,31,6,0.1579,4,0.1053,39,25,1149,1129,77849,1712,1,1,0,61,18,51,4,23,6,52.17,
klikr,17,16,1,2,0.9412,13,16,14,1,0.0625,2,0.125,2,4,1098,1189,44612,5402,0,0,0,61,7,15,1,4,3,51.38,
MKioulafa,11,10,1,4,0.9091,7,10,7,5,0.5,2,0.2,0,5,3280,4968,189210,2453,1,0,0,61,4,10,2,6,4,50.07,
ptableart,4,4,0,0,1.0,4,4,4,2,0.5,1,0.25,0,0,359,207,15893,650,1,0,0,61,2,4,0,1,2,50.0,
nilsholgerson_,3,3,0,1,1.0,1,3,3,2,0.6667,1,0.3333,0,0,4885,4524,29520,4637,1,0,0,61,1,2,0,2,2,49.58,
VIVITV5,2,2,0,0,1.0,1,2,2,1,0.5,1,0.5,0,0,2012,4243,25125,2892,1,0,0,0,0,0,0,0,0,48.75,
MenoEdo,35,31,4,10,0.8857,10,31,31,10,0.3226,1,0.0323,1,8,2684,2007,178462,1844,1,0,0,61,17,62,4,20,8,48.66,
tasoskar11,3,3,0,0,1.0,0,3,3,2,0.6667,1,0.3333,1,0,221,313,2636,5559,0,0,0,61,3,7,1,5,3,48.33,
theatropoios,12,11,1,3,0.9167,11,11,10,0,0.0,2,0.1818,3,0,638,2099,23455,825,1,0,0,0,0,0,0,0,0,47.65,
JimyWis,3,3,0,0,1.0,3,3,3,1,0.3333,1,0.3333,0,0,656,1732,16172,1835,1,0,0,61,1,2,0,1,2,47.08,
mpantazo,13,12,1,0,0.9231,4,12,12,7,0.5833,1,0.0833,1,3,2453,1352,179295,4327,0,0,0,61,9,28,2,10,5,46.89,
Anthology2026,19,15,4,0,0.7895,14,15,15,1,0.0667,1,0.0667,0,2,300,2396,244,50,1,0,0,61,3,6,1,2,2,46.8,
Agie2a,22,15,7,6,0.6818,8,15,9,10,0.6667,4,0.2667,4,2,4423,3346,82467,1506,1,0,1,61,9,24,1,8,4,46.53,
Asmoudis13,1,1,0,0,1.0,1,1,1,0,0.0,1,1.0,3,0,51,563,2123,346,1,0,0,0,0,0,0,0,0,46.25,
CMentat,1,1,0,0,1.0,1,1,1,0,0.0,1,1.0,0,0,532,656,7087,582,1,0,0,0,0,0,0,0,0,46.25,
DDeppied,1,1,0,0,1.0,1,1,1,0,0.0,1,1.0,0,0,3802,2897,30944,3057,1,0,0,0,0,0,0,0,0,46.25,
DimitrisP69501,1,1,0,0,1.0,1,1,1,0,0.0,1,1.0,0,0,40,240,825,140,1,0,0,0,0,0,0,0,0,46.25,
FrankiKostas,1,1,0,0,1.0,1,1,1,0,0.0,1,1.0,0,0,2675,2327,55165,4045,1,0,0,0,0,0,0,0,0,46.25,
Kabamaru__n,1,1,0,1,1.0,1,1,1,0,0.0,1,1.0,0,0,11,4,486,771,1,0,0,0,0,0,0,0,0,46.25,
Konstan18155165,1,1,0,0,1.0,1,1,1,0,0.0,1,1.0,1,0,35,193,528,403,1,0,0,0,0,0,0,0,0,46.25,
Kostas18748292,1,1,0,0,1.0,1,1,1,0,0.0,1,1.0,0,0,604,811,19558,2056,1,0,0,0,0,0,0,0,0,46.25,
Leniw_Lenia,1,1,0,0,1.0,1,1,1,0,0.0,1,1.0,1,0,543,527,17354,1551,1,0,0,0,0,0,0,0,0,46.25,
NickDanny99,1,1,0,0,1.0,1,1,1,0,0.0,1,1.0,0,0,1718,1209,17369,4217,0,0,0,0,0,0,0,0,0,46.25,
PiraeusStef,1,1,0,0,1.0,1,1,1,0,0.0,1,1.0,0,0,2057,2281,39747,5460,0,0,0,0,0,0,0,0,0,46.25,
RGialama8386,1,1,0,1,1.0,1,1,1,0,0.0,1,1.0,0,0,92,381,1877,342,1,0,0,0,0,0,0,0,0,46.25,
agapornis_mask,1,1,0,0,1.0,1,1,1,0,0.0,1,1.0,0,0,187,462,6707,5016,1,0,0,0,0,0,0,0,0,46.25,
akrokentrwos_2,1,1,0,0,1.0,1,1,1,0,0.0,1,1.0,0,0,15197,1575,47270,2357,1,0,0,0,0,0,0,0,0,46.25,
bobidion,1,1,0,0,1.0,1,1,1,0,0.0,1,1.0,0,0,5706,2890,51583,5262,0,0,0,0,0,0,0,0,0,46.25,
bolltzmann,1,1,0,0,1.0,1,1,1,0,0.0,1,1.0,0,0,13394,5155,37426,4471,0,0,1,0,0,0,0,0,0,46.25,
economi94461498,1,1,0,0,1.0,1,1,1,0,0.0,1,1.0,1,0,1353,327,225180,2313,1,0,0,0,0,0,0,0,0,46.25,
kokkoriss,1,1,0,0,1.0,1,1,1,0,0.0,1,1.0,0,0,601,2756,33185,5099,1,0,0,0,0,0,0,0,0,46.25,
le1li,1,1,0,0,1.0,1,1,1,0,0.0,1,1.0,0,0,756,932,6263,5300,0,0,0,0,0,0,0,0,0,46.25,
matrixneo1979,1,1,0,0,1.0,1,1,1,0,0.0,1,1.0,0,0,3271,1644,28912,3007,1,0,0,0,0,0,0,0,0,46.25,
papa_vaso,1,1,0,0,1.0,1,1,1,0,0.0,1,1.0,0,0,1319,1352,25290,4053,0,0,0,0,0,0,0,0,0,46.25,
xariszak2,3,3,0,0,1.0,2,3,3,1,0.3333,1,0.3333,0,0,237,309,16294,2351,1,1,0,0,0,0,0,0,0,45.83,
ThanosTzimeros,22,16,6,7,0.7273,12,16,14,4,0.25,2,0.125,2,0,68543,1701,41405,5281,1,0,0,61,3,10,4,8,5,45.46,
Nogate_T,1,1,0,1,1.0,0,1,1,0,0.0,1,1.0,0,0,9021,5403,98844,4079,1,0,0,0,0,0,0,0,0,45.0,
OratiosPoulos,1,1,0,0,1.0,0,1,1,0,0.0,1,1.0,0,0,4767,1233,55318,1719,1,0,0,0,0,0,0,0,0,45.0,
TetraLogiki,1,1,0,0,1.0,0,1,1,0,0.0,1,1.0,0,0,3097,1811,30338,2686,1,0,0,0,0,0,0,0,0,45.0,
communakios,1,1,0,0,1.0,0,1,1,0,0.0,1,1.0,0,1,4360,1119,52467,1575,1,0,0,0,0,0,0,0,0,45.0,
kostasp194,1,1,0,0,1.0,0,1,1,0,0.0,1,1.0,0,0,3521,4118,47786,3418,1,0,0,0,0,0,0,0,0,45.0,
loudovikos14os,1,1,0,0,1.0,0,1,1,0,0.0,1,1.0,0,0,447,343,22227,3942,1,0,0,0,0,0,0,0,0,45.0,
ScroogeKifissia,10,9,1,2,0.9,9,9,9,0,0.0,1,0.1111,1,0,22583,21851,55002,1673,1,0,0,0,0,0,0,0,0,43.86,
QuercusLg,4,4,0,1,1.0,3,4,3,0,0.0,2,0.5,2,0,1072,1190,141997,1367,1,0,0,0,0,0,0,0,0,43.75,
phtochos1,2,1,1,0,0.5,1,1,1,1,1.0,1,1.0,0,0,11073,9207,144466,1465,1,0,0,0,0,0,0,0,0,43.75,
Volcom40893832,3,3,0,0,1.0,1,3,2,0,0.0,2,0.6667,0,4,835,837,13001,2575,1,0,0,61,5,10,0,1,2,42.92,
Anastasia7882,4,4,0,0,1.0,4,4,4,0,0.0,1,0.25,2,1,854,866,48650,1294,1,0,0,0,0,0,0,0,0,42.5,
HouseElisabeth_,4,4,0,0,1.0,4,4,4,0,0.0,1,0.25,2,0,488,1041,6145,3412,0,0,0,0,0,0,0,0,0,42.5,
margko73,4,4,0,0,1.0,4,4,4,0,0.0,1,0.25,0,0,6166,1829,56266,4949,0,0,0,0,0,0,0,0,0,42.5,
michael_exc,4,4,0,0,1.0,4,4,4,0,0.0,1,0.25,0,1,729,2077,11239,4553,0,0,0,0,0,0,0,0,0,42.5,
hellaspecial,2,2,0,0,1.0,2,2,2,0,0.0,1,0.5,2,0,5639,4361,162537,2812,1,0,1,0,0,0,0,0,0,42.5,
ArisBJJ,13,10,3,3,0.7692,6,10,9,4,0.4,2,0.2,0,2,3224,1346,16278,5459,0,0,1,61,4,11,2,7,4,42.42,
ZbejVty,6,5,1,0,0.8333,4,5,5,2,0.4,1,0.2,0,3,4007,4985,151427,1665,1,0,0,0,0,0,0,0,0,42.17,
EthanAnargyrous,4,3,1,1,0.75,2,3,3,2,0.6667,1,0.3333,0,1,1169,962,40139,2833,1,0,0,61,2,4,0,1,2,42.08,
evangelia_re,4,3,1,0,0.75,2,3,3,2,0.6667,1,0.3333,1,0,5606,4618,15197,6046,1,0,0,61,1,2,0,1,2,42.08,
dimitris7987,3,3,0,1,1.0,3,3,3,0,0.0,1,0.3333,1,1,908,546,38231,430,1,0,0,61,1,2,0,0,2,42.08,
themagus2022,3,3,0,0,1.0,3,3,3,0,0.0,1,0.3333,0,0,242,482,17024,1331,1,1,0,0,0,0,0,0,0,42.08,
anastassios2401,7,6,1,1,0.8571,6,6,6,1,0.1667,1,0.1667,0,0,7547,5666,123293,4891,1,0,0,0,0,0,0,0,0,41.67,
anarchistdonkey,10,9,1,2,0.9,7,9,9,0,0.0,1,0.1111,3,0,5612,2372,160157,4488,0,0,0,0,0,0,0,0,0,41.36,
MariaKagia4603,4,4,0,1,1.0,3,4,4,0,0.0,1,0.25,1,0,120,339,3141,461,1,0,0,0,0,0,0,0,0,41.25,
Torquem21743459,2,2,0,0,1.0,1,2,2,0,0.0,1,0.5,0,3,528,1417,15716,2857,1,0,0,0,0,0,0,0,0,41.25,
InafiZinaf1,2,2,0,0,1.0,0,2,2,0,0.0,1,0.5,0,0,557,173,1078,396,1,0,0,61,3,6,0,0,2,40.0,
aekzurich21,2,2,0,0,1.0,0,2,2,0,0.0,1,0.5,2,0,263,846,16614,1026,1,0,0,0,0,0,0,0,0,40.0,
ledentiste2,5,4,1,1,0.8,4,4,4,1,0.25,1,0.25,2,0,2588,3328,37639,2122,1,0,0,0,0,0,0,0,0,39.25,
SagamoreMount,4,4,0,1,1.0,1,4,4,0,0.0,1,0.25,0,3,134,425,4111,597,1,0,0,61,3,7,1,6,3,38.75,
kostasagg1965,3,2,1,1,0.6667,2,2,2,1,0.5,1,0.5,0,0,355,7206,34749,1447,1,0,0,0,0,0,0,0,0,38.33,
MariaKoki3,5,4,1,1,0.8,4,4,3,0,0.0,2,0.5,0,0,1401,753,123802,1201,1,0,0,61,2,4,0,1,2,38.0,
EAdamopoulou,3,1,2,1,0.3333,0,1,1,1,1.0,1,1.0,0,2,8667,1792,75832,5437,0,0,1,0,0,0,0,0,0,36.67,
g_m_theo,3,1,2,1,0.3333,0,1,1,1,1.0,1,1.0,0,1,6346,5665,60021,4095,1,0,0,0,0,0,0,0,0,36.67,
57lista,4,3,1,1,0.75,1,3,3,1,0.3333,1,0.3333,0,0,1649,1545,15807,1692,1,0,0,61,1,2,0,0,2,35.83,
GP_74_,3,2,1,1,0.6667,0,2,2,1,0.5,1,0.5,0,1,1327,1023,18356,1056,1,0,0,0,0,0,0,0,0,35.83,
lafillemalgard1,5,4,1,1,0.8,4,4,4,0,0.0,1,0.25,0,0,3622,3305,73800,5149,0,0,0,0,0,0,0,0,0,35.5,
JSweetGR,6,5,1,2,0.8333,1,5,5,1,0.2,1,0.2,0,2,3253,2123,70935,6219,0,0,1,61,4,8,0,3,2,35.42,
AnAthenianToLDN,11,7,4,4,0.6364,4,7,7,3,0.4286,1,0.1429,1,0,22206,2364,229235,5439,0,0,0,0,0,0,0,0,0,35.13,
AthanasiouCccp,7,5,2,3,0.7143,4,5,5,1,0.2,1,0.2,0,1,6137,5379,145365,4863,1,0,0,0,0,0,0,0,0,35.0,
KosmidisStathis,5,4,1,0,0.8,3,4,4,0,0.0,1,0.25,2,0,9688,5717,81657,4186,1,0,0,61,1,2,0,1,2,34.25,
steiger_st28082,9,6,3,0,0.6667,5,6,5,0,0.0,2,0.3333,0,4,2121,3166,130052,1122,1,0,0,61,3,6,0,3,2,32.92,
jparthen,4,3,1,3,0.75,2,3,3,0,0.0,1,0.3333,0,4,552,475,46522,6046,0,0,0,0,0,0,0,0,0,32.08,
ippotech,4,2,2,1,0.5,1,2,2,1,0.5,1,0.5,0,3,3981,4568,81449,5496,0,0,0,0,0,0,0,0,0,31.25,
Mrpresidentgr,4,3,1,2,0.75,1,3,3,0,0.0,1,0.3333,2,1,3817,2976,54071,6177,1,0,1,0,0,0,0,0,0,30.83,
frel_elias,3,2,1,2,0.6667,2,2,2,0,0.0,1,0.5,4,0,1142,1676,57594,5294,1,0,1,0,0,0,0,0,0,30.83,
Placebo_0,8,5,3,1,0.625,5,5,5,0,0.0,1,0.2,2,0,6475,3501,326861,5162,0,0,0,0,0,0,0,0,0,30.12,
KyrPantelis3,3,2,1,1,0.6667,1,2,2,0,0.0,1,0.5,0,0,394,2408,15084,1376,1,0,0,0,0,0,0,0,0,29.58,
anasiropiastos,5,3,2,1,0.6,1,3,2,0,0.0,2,0.6667,0,0,345,290,7402,304,1,0,0,61,1,2,1,2,2,28.92,
PanosStayis,2,1,1,1,0.5,1,1,1,0,0.0,1,1.0,0,0,347,347,6833,1058,1,0,0,0,0,0,0,0,0,28.75,
RXRqdEgogik2Z9P,2,1,1,0,0.5,1,1,1,0,0.0,1,1.0,0,0,3532,1051,22412,2457,1,0,0,0,0,0,0,0,0,28.75,
despica67766915,2,1,1,0,0.5,1,1,1,0,0.0,1,1.0,0,0,845,1154,17983,2388,1,0,0,0,0,0,0,0,0,28.75,
dkDurcGYTIpZdKl,2,1,1,0,0.5,1,1,1,0,0.0,1,1.0,0,2,3398,2363,96896,3199,1,0,0,0,0,0,0,0,0,28.75,
isidoragiou1,2,1,1,1,0.5,1,1,1,0,0.0,1,1.0,0,0,599,291,15256,3857,0,0,0,0,0,0,0,0,0,28.75,
pnevan11,2,1,1,0,0.5,1,1,1,0,0.0,1,1.0,0,0,619,1459,7987,3627,1,0,0,0,0,0,0,0,0,28.75,
foivos_trikkis_,12,6,6,5,0.5,6,6,6,0,0.0,1,0.1667,4,2,1519,807,38658,2174,1,0,0,0,0,0,0,0,0,26.67,
Abovelaw13,16,7,9,3,0.4375,7,7,7,0,0.0,1,0.1429,27,8,1065,582,10995,1724,1,0,1,0,0,0,0,0,0,25.49,
amantomatimou,8,4,4,3,0.5,4,4,4,0,0.0,1,0.25,0,0,5606,557,82646,5532,0,0,0,0,0,0,0,0,0,25.0,
ArgirNik,3,1,2,2,0.3333,1,1,1,0,0.0,1,1.0,0,0,829,516,156054,5322,1,0,0,0,0,0,0,0,0,22.92,
parodynews,3,1,2,2,0.3333,1,1,1,0,0.0,1,1.0,0,0,3574,4099,180025,5999,0,0,0,0,0,0,0,0,0,22.92,
agnwstos_x_,4,1,3,0,0.25,1,1,1,0,0.0,1,1.0,2,0,4235,1618,45887,4413,1,0,0,0,0,0,0,0,0,20.0,
NodarasSpiros,14,3,11,11,0.2143,1,3,3,1,0.3333,1,0.3333,0,0,8696,2447,191042,4979,1,0,0,61,4,9,1,3,3,17.08,
Greekprn,7,1,6,0,0.1429,1,1,1,0,0.0,1,1.0,6,0,6049,3860,157872,5321,0,0,0,0,0,0,0,0,0,16.25,
DvsDvs60195368,9,0,9,1,0.0,0,0,0,0,0.0,0,0.0,0,0,3465,3428,62433,1193,1,0,1,0,0,0,0,0,0,0.0,
ellada24,6,0,6,0,0.0,0,0,0,0,0.0,0,0.0,0,0,29792,1448,89304,1748,1,0,1,0,0,0,0,0,0,0.0,
Veltsi_Legacy,5,0,5,3,0.0,0,0,0,0,0.0,0,0.0,0,0,1223,574,12772,939,1,0,1,0,0,0,0,0,0,0.0,
John_Fletcher70,4,0,4,3,0.0,0,0,0,0,0.0,0,0.0,0,2,4246,955,118492,4662,0,0,0,0,0,0,0,0,0,0.0,
MoudilosV,4,0,4,2,0.0,0,0,0,0,0.0,0,0.0,4,0,1877,1736,24621,6064,0,0,1,0,0,0,0,0,0,0.0,
olofwti_agapi,4,0,4,0,0.0,0,0,0,0,0.0,0,0.0,4,0,348,134,5573,1237,1,0,0,0,0,0,0,0,0,0.0,
Wwwwww42362442,3,0,3,3,0.0,0,0,0,0,0.0,0,0.0,0,0,1977,3158,28015,3122,1,0,0,0,0,0,0,0,0,0.0,
gospodinmedvedd,3,0,3,1,0.0,0,0,0,0,0.0,0,0.0,1,1,340,369,4828,987,1,0,0,0,0,0,0,0,0,0.0,
n_palaiopanou,3,0,3,1,0.0,0,0,0,0,0.0,0,0.0,0,3,,,,,,,,0,0,0,0,0,0,0.0,
trescommeilfaut,3,0,3,0,0.0,0,0,0,0,0.0,0,0.0,0,0,1736,845,11916,3068,0,0,0,0,0,0,0,0,0,0.0,
Apstolos14616,2,0,2,1,0.0,0,0,0,0,0.0,0,0.0,0,0,142,168,2079,80,1,1,1,0,0,0,0,0,0,0.0,
AstyMpekas,2,0,2,2,0.0,0,0,0,0,0.0,0,0.0,0,3,311,153,6981,554,1,0,0,0,0,0,0,0,0,0.0,
Rinokeros2023,2,0,2,0,0.0,0,0,0,0,0.0,0,0.0,2,0,27,114,2947,1160,1,0,0,0,0,0,0,0,0,0.0,
Tiramolas_,2,0,2,0,0.0,0,0,0,0,0.0,0,0.0,2,2,88,100,979,79,1,0,0,0,0,0,0,0,0,0.0,
nikos_aggelakis,2,0,2,1,0.0,0,0,0,0,0.0,0,0.0,0,1,554,1161,11577,5237,1,0,0,0,0,0,0,0,0,0.0,
omadaalithias,2,0,2,0,0.0,0,0,0,0,0.0,0,0.0,0,0,110821,581,15850,4956,0,0,1,0,0,0,0,0,0,0.0,
4lhc_athens,1,0,1,0,0.0,0,0,0,0,0.0,0,0.0,0,0,234,244,3411,202,1,0,0,0,0,0,0,0,0,0.0,
Drifter_1066,1,0,1,0,0.0,0,0,0,0,0.0,0,0.0,0,2,,,,,,,,0,0,0,0,0,0,0.0,
Dv500x,1,0,1,1,0.0,0,0,0,0,0.0,0,0.0,0,0,575,322,17726,1798,1,0,0,0,0,0,0,0,0,0.0,
GeorghyZhukov,1,0,1,0,0.0,0,0,0,0,0.0,0,0.0,0,0,37794,1305,52909,6182,0,0,1,0,0,0,0,0,0,0.0,
Guson653566,1,0,1,0,0.0,0,0,0,0,0.0,0,0.0,0,1,,,,,,,,0,0,0,0,0,0,0.0,
HFirstpriest,1,0,1,0,0.0,0,0,0,0,0.0,0,0.0,0,1,,,,,,,,0,0,0,0,0,0,0.0,
Lollos1242232,1,0,1,0,0.0,0,0,0,0,0.0,0,0.0,0,1,,,,,,,,0,0,0,0,0,0,0.0,
LosKarabou79397,1,0,1,1,0.0,0,0,0,0,0.0,0,0.0,2,0,255,282,869,51,1,0,0,0,0,0,0,0,0,0.0,
MatrimC110073,1,0,1,1,0.0,0,0,0,0,0.0,0,0.0,0,0,961,1450,17959,1367,1,0,1,0,0,0,0,0,0,0.0,
PhunkD14,1,0,1,0,0.0,0,0,0,0,0.0,0,0.0,0,0,240,1010,8736,1239,1,0,0,0,0,0,0,0,0,0.0,
Pi8kiavlozampis,1,0,1,0,0.0,0,0,0,0,0.0,0,0.0,0,1,,,,,,,,0,0,0,0,0,0,0.0,
Sunflower19731,1,0,1,1,0.0,0,0,0,0,0.0,0,0.0,0,0,203,234,2355,2628,1,0,0,0,0,0,0,0,0,0.0,
Tasos3025749307,1,0,1,0,0.0,0,0,0,0,0.0,0,0.0,0,1,113,56,5761,1087,1,0,0,0,0,0,0,0,0,0.0,
TheSurigata,1,0,1,0,0.0,0,0,0,0,0.0,0,0.0,3,0,578,286,23409,1581,1,0,0,0,0,0,0,0,0,0.0,
TheocharousH,1,0,1,1,0.0,0,0,0,0,0.0,0,0.0,0,1,,,,,,,,0,0,0,0,0,0,0.0,
aikarerina,1,0,1,0,0.0,0,0,0,0,0.0,0,0.0,1,0,2570,3102,26572,1949,1,0,0,0,0,0,0,0,0,0.0,
christoskostaki,1,0,1,0,0.0,0,0,0,0,0.0,0,0.0,0,1,,,,,,,,0,0,0,0,0,0,0.0,
consue_banana_,1,0,1,0,0.0,0,0,0,0,0.0,0,0.0,1,0,3650,2361,27027,597,1,0,0,0,0,0,0,0,0,0.0,
failosK,1,0,1,0,0.0,0,0,0,0,0.0,0,0.0,0,0,47459,2212,56816,5121,1,0,0,0,0,0,0,0,0,0.0,
giorgosgreen,1,0,1,0,0.0,0,0,0,0,0.0,0,0.0,0,0,1121,557,10256,2640,1,0,0,0,0,0,0,0,0,0.0,
hermesjk,1,0,1,0,0.0,0,0,0,0,0.0,0,0.0,0,1,451,379,11673,6084,0,0,0,0,0,0,0,0,0,0.0,
kefalaiouxos,1,0,1,0,0.0,0,0,0,0,0.0,0,0.0,0,0,558,208,20902,2068,1,0,0,0,0,0,0,0,0,0.0,
kikirik_nik,1,0,1,0,0.0,0,0,0,0,0.0,0,0.0,0,0,3756,110,16460,4339,0,0,0,0,0,0,0,0,0,0.0,
kontologis,1,0,1,0,0.0,0,0,0,0,0.0,0,0.0,0,0,6820,3645,80305,2839,0,0,0,0,0,0,0,0,0,0.0,
lordos_noble,1,0,1,0,0.0,0,0,0,0,0.0,0,0.0,0,0,1320,985,108851,2188,1,0,0,0,0,0,0,0,0,0.0,
maus_miny,1,0,1,0,0.0,0,0,0,0,0.0,0,0.0,0,1,4430,2093,64873,1503,1,0,0,0,0,0,0,0,0,0.0,
myga_tse,1,0,1,0,0.0,0,0,0,0,0.0,0,0.0,0,1,,,,,,,,0,0,0,0,0,0,0.0,
nikglykos,1,0,1,0,0.0,0,0,0,0,0.0,0,0.0,0,2,7939,6406,242619,5338,0,0,0,0,0,0,0,0,0,0.0,
pJNs4ACgiayAknX,1,0,1,0,0.0,0,0,0,0,0.0,0,0.0,0,0,2148,2291,27489,2531,1,0,0,0,0,0,0,0,0,0.0,
panagitsma78169,1,0,1,0,0.0,0,0,0,0,0.0,0,0.0,1,0,75,97,5535,819,1,0,0,0,0,0,0,0,0,0.0,
steliostso,1,0,1,0,0.0,0,0,0,0,0.0,0,0.0,0,0,6021,5844,66740,5715,0,0,0,0,0,0,0,0,0,0.0,
