original_author_handle,total_retweet_count,unique_retweeted_tweet_count,unique_retweeter_count,first_retweet_at,last_retweet_at,total_retweets_within_15m,total_retweets_within_60m,top_cascade_tweet_id,top_cascade_retweet_count
Briassulis,72,66,4,2026-04-15T20:08:56+00:00,2026-04-15T21:20:45+00:00,70,72,2044444801571967181,2
AdonisGeorgiadi,38,8,21,2026-04-15T18:44:01+00:00,2026-04-15T23:35:52+00:00,12,20,1640334999785201669,10
ellada24,35,13,18,2026-04-15T18:35:28+00:00,2026-04-15T23:10:55+00:00,14,21,2044466288731255202,9
zneraida,33,7,17,2026-04-15T18:47:30+00:00,2026-04-15T23:17:59+00:00,9,14,2044440248176840853,10
Mirsini1946041,31,11,18,2026-04-15T18:33:42+00:00,2026-04-15T23:03:01+00:00,12,16,2044485490175307840,9
panta_tif,30,14,17,2026-04-15T18:33:29+00:00,2026-04-15T23:09:54+00:00,17,19,2044362963901956585,5
AnAthenianToLDN,28,20,13,2026-04-15T18:36:47+00:00,2026-04-15T22:07:15+00:00,20,25,2044460104401973520,3
GeorghyZhukov,27,7,18,2026-04-15T18:29:02+00:00,2026-04-15T23:07:00+00:00,7,12,2044331944318534005,8
HFirstpriest,25,11,13,2026-04-15T18:35:08+00:00,2026-04-15T22:14:08+00:00,12,19,2044178187169525893,6
MsLouellaDeVil,25,12,13,2026-04-15T18:53:40+00:00,2026-04-15T23:36:58+00:00,12,16,2044424924870111543,8
elenasagiadinou,22,13,9,2026-04-15T18:36:40+00:00,2026-04-15T22:15:28+00:00,13,14,2044486560876282155,5
omadaalithias,21,5,14,2026-04-15T19:25:11+00:00,2026-04-15T22:47:21+00:00,8,14,2044504116433490154,8
failosK,19,6,13,2026-04-15T19:10:29+00:00,2026-04-15T23:01:35+00:00,7,9,2044420233973104760,8
jazz_daz,18,7,9,2026-04-15T18:34:55+00:00,2026-04-15T23:20:51+00:00,8,10,2044376437147283683,4
BenakisM,16,7,11,2026-04-15T18:37:03+00:00,2026-04-15T22:08:33+00:00,8,12,2044284408803307976,4
action24tv,15,6,9,2026-04-15T18:40:21+00:00,2026-04-15T23:08:04+00:00,6,9,2044511682941091854,7
enikos_gr,15,15,1,2026-04-15T19:07:57+00:00,2026-04-15T19:49:27+00:00,15,15,2044431640403845160,1
dimitris7987,14,3,12,2026-04-15T19:20:21+00:00,2026-04-15T23:10:50+00:00,4,6,2044452115427266781,11
MirandaPrada_,14,5,11,2026-04-15T18:45:29+00:00,2026-04-15T22:22:17+00:00,5,8,2044448138946068520,7
n_palaiopanou,14,5,10,2026-04-15T18:29:04+00:00,2026-04-15T22:08:41+00:00,6,7,2044469596745253129,4
ArisBJJ,14,6,9,2026-04-15T18:32:31+00:00,2026-04-15T23:08:54+00:00,7,9,2044520452995870840,4
nikglykos,14,3,9,2026-04-15T18:37:25+00:00,2026-04-15T21:49:37+00:00,4,5,2044413848963149938,8
arkas1971,13,4,12,2026-04-15T19:07:53+00:00,2026-04-15T23:06:11+00:00,5,8,2044478413583339831,6
AgelisDimitris,13,8,8,2026-04-15T19:07:47+00:00,2026-04-15T22:50:08+00:00,8,9,2044443555628741059,6
__darcelX__,13,7,8,2026-04-15T19:53:39+00:00,2026-04-15T22:18:34+00:00,9,11,2044041483125215336,4
steiger_st28082,12,4,11,2026-04-15T18:34:57+00:00,2026-04-15T22:33:34+00:00,4,9,2044441275043062056,6
DvsDvs60195368,12,8,9,2026-04-15T20:05:30+00:00,2026-04-15T22:59:10+00:00,8,10,2044233594453774832,3
realMaalouf,12,3,9,2026-04-15T19:00:07+00:00,2026-04-15T22:39:04+00:00,4,5,2044459988832178230,7
Akiratos_,12,8,8,2026-04-15T18:37:32+00:00,2026-04-15T22:33:17+00:00,8,11,2044505629075607690,4
tomanifesto,12,8,7,2026-04-15T18:35:11+00:00,2026-04-15T22:20:58+00:00,8,10,2044347010673783161,2
Johnnyhoston_2,11,4,9,2026-04-15T18:39:13+00:00,2026-04-15T21:45:24+00:00,4,4,2044360452251979848,5
K_Sav215,11,5,6,2026-04-15T20:30:45+00:00,2026-04-15T22:24:09+00:00,6,9,2044505952137654626,4
AppelaiosII,10,5,7,2026-04-15T18:31:24+00:00,2026-04-15T22:12:46+00:00,6,7,2044428857780941252,5
mariakalantze,9,4,9,2026-04-15T18:57:53+00:00,2026-04-15T22:04:30+00:00,4,5,2044275664279236657,6
HellenicOlympic,9,2,8,2026-04-15T18:49:27+00:00,2026-04-15T22:16:17+00:00,2,5,2044412874009829432,8
P159646899P,9,3,8,2026-04-15T18:37:44+00:00,2026-04-15T22:04:47+00:00,4,7,2044509652461728075,5
taurothanos,9,4,8,2026-04-15T18:31:12+00:00,2026-04-15T22:03:00+00:00,4,6,2044375523799744581,6
IoannaDementi,9,2,7,2026-04-15T19:20:24+00:00,2026-04-15T23:21:56+00:00,2,5,2044471606043373912,6
stathisdrogosis,9,3,7,2026-04-15T18:44:19+00:00,2026-04-15T22:45:08+00:00,3,6,2044435320180011518,4
SMpliat,9,5,6,2026-04-15T19:30:54+00:00,2026-04-15T22:38:08+00:00,6,7,2044390771059478822,3
sinakatsarou,9,8,4,2026-04-15T18:33:17+00:00,2026-04-15T22:53:05+00:00,8,8,2044149325563822510,2
Simonaki_,8,1,8,2026-04-15T18:37:34+00:00,2026-04-15T21:55:12+00:00,1,3,2044441384246005948,8
gverikks,8,2,8,2026-04-15T19:00:05+00:00,2026-04-15T21:32:02+00:00,2,2,2044374977613267141,6
pavlmarin,8,1,8,2026-04-15T19:09:43+00:00,2026-04-15T21:36:57+00:00,1,3,2044492218879103216,8
4fABkkc5xTv2aek,8,5,7,2026-04-15T19:17:46+00:00,2026-04-15T22:30:53+00:00,5,7,2044412324207907127,3
VividProwess,8,6,7,2026-04-15T18:31:35+00:00,2026-04-15T22:57:37+00:00,6,8,2044521149468475655,2
hellaspecial,8,4,6,2026-04-15T20:06:15+00:00,2026-04-15T21:33:28+00:00,4,7,2044474540168818892,2
DoraZip,8,3,5,2026-04-15T19:46:50+00:00,2026-04-15T22:21:49+00:00,4,5,2044455939818782782,5
GP_74_,8,4,5,2026-04-15T19:25:08+00:00,2026-04-15T21:09:46+00:00,4,5,2044465092897460640,3
Agie2a,8,5,4,2026-04-15T18:45:25+00:00,2026-04-15T21:19:01+00:00,5,6,2044353015956508758,2
ArisPortosalte,7,2,7,2026-04-15T18:47:48+00:00,2026-04-15T21:37:38+00:00,2,3,2044409359644426419,4
Aristerotsolis,7,1,7,2026-04-15T19:09:28+00:00,2026-04-15T21:20:02+00:00,1,2,2044482287140569345,7
DejaLogic,7,4,7,2026-04-15T18:38:05+00:00,2026-04-15T22:47:44+00:00,4,4,2044086095923540149,2
GGoudaras,7,1,7,2026-04-15T20:18:31+00:00,2026-04-15T23:01:10+00:00,1,4,2044502814211125446,7
eucopresident,7,1,7,2026-04-15T18:30:28+00:00,2026-04-15T20:02:22+00:00,1,4,2044468838016696601,7
Harhalas,7,2,6,2026-04-15T20:04:30+00:00,2026-04-15T22:39:36+00:00,2,3,2044404523171451046,6
MariaDecokeke,7,4,6,2026-04-15T18:42:24+00:00,2026-04-15T22:08:53+00:00,5,6,2044474668971680172,3
ivoutsas,7,4,6,2026-04-15T18:51:39+00:00,2026-04-15T22:39:02+00:00,4,4,2044489146308120602,3
mariavellou,7,3,6,2026-04-15T18:36:20+00:00,2026-04-15T22:45:22+00:00,3,4,2044465519810531664,5
2etonne2p,7,3,5,2026-04-15T18:58:23+00:00,2026-04-15T22:38:19+00:00,3,3,2044273188180197633,5
LiberalGr,7,6,5,2026-04-15T20:17:19+00:00,2026-04-15T21:35:51+00:00,6,6,2044507664932094101,2
communakios,7,4,5,2026-04-15T18:46:56+00:00,2026-04-15T22:05:11+00:00,4,5,2044324459847307417,3
gospodinmedvedd,7,2,5,2026-04-15T19:51:21+00:00,2026-04-15T21:57:32+00:00,2,4,2044490700398448762,5
mvlazaridis,7,4,5,2026-04-15T19:13:21+00:00,2026-04-15T21:39:13+00:00,4,5,2044414560594006303,4
vythos70,7,5,5,2026-04-15T19:02:31+00:00,2026-04-15T22:11:13+00:00,5,7,2044445877373202840,2
isaacrrr7,7,6,4,2026-04-15T18:33:22+00:00,2026-04-15T21:21:03+00:00,6,7,2044221096245735845,2
SarikasKostas,6,2,6,2026-04-15T18:36:38+00:00,2026-04-15T23:04:16+00:00,2,2,2044456645124571310,4
ThanosTzimeros,6,3,6,2026-04-15T20:35:17+00:00,2026-04-15T21:44:39+00:00,3,6,2044450701598655021,4
dtri2020,6,1,6,2026-04-15T19:13:11+00:00,2026-04-15T21:49:22+00:00,2,3,2044386028878725200,6
nick_tRNA,6,2,6,2026-04-15T18:37:48+00:00,2026-04-15T22:27:48+00:00,2,2,2044469933640224916,4
greek_paris_13,6,4,5,2026-04-15T18:48:07+00:00,2026-04-15T21:46:03+00:00,4,5,2044525159587950654,2
iefimerida,6,3,5,2026-04-15T18:38:56+00:00,2026-04-15T21:39:24+00:00,3,3,2044421058191564874,4
PlakoudasSpyros,6,4,4,2026-04-15T19:41:03+00:00,2026-04-15T21:17:41+00:00,5,5,2044387674497425474,3
nikolaosderes,6,4,4,2026-04-15T19:53:54+00:00,2026-04-15T22:15:42+00:00,4,5,2044426280100102596,3
unico11226,6,4,4,2026-04-15T18:41:21+00:00,2026-04-15T22:07:44+00:00,4,4,2044413574949331400,3
MOSSADil,6,6,2,2026-04-15T20:33:14+00:00,2026-04-15T22:21:19+00:00,6,6,2044523890144170129,1
AndriopoulosD,5,1,5,2026-04-15T22:03:05+00:00,2026-04-15T23:08:47+00:00,2,4,2044531007206862960,5
Cynaegeirus2,5,4,5,2026-04-15T19:04:41+00:00,2026-04-15T21:44:45+00:00,4,4,2044141545750753535,2
Heraclis_82,5,1,5,2026-04-15T19:56:36+00:00,2026-04-15T21:06:32+00:00,2,3,2044498498628845977,5
John_Fletcher70,5,3,5,2026-04-15T19:46:23+00:00,2026-04-15T22:49:56+00:00,3,4,2044481341069398271,3
Ouinston,5,2,5,2026-04-15T19:14:11+00:00,2026-04-15T21:07:27+00:00,3,5,2044405569591644224,3
Rena_Rethymno,5,1,5,2026-04-15T18:40:25+00:00,2026-04-15T21:16:11+00:00,1,2,2044426770238030299,5
bpapapanagiotou,5,3,5,2026-04-15T19:57:00+00:00,2026-04-15T23:05:19+00:00,3,4,2044365617126375704,3
AlexGavriilidis,5,5,3,2026-04-15T18:30:56+00:00,2026-04-15T22:18:53+00:00,5,5,2044353287634215106,1
Kostopoulosdim1,5,3,3,2026-04-15T18:44:29+00:00,2026-04-15T21:55:58+00:00,3,4,2044468141493723187,3
apablaze,5,3,3,2026-04-15T19:25:34+00:00,2026-04-15T21:20:02+00:00,3,4,2044360911356326266,3
Mrpresidentgr,5,4,2,2026-04-15T21:10:03+00:00,2026-04-15T22:34:43+00:00,4,4,2044353329736585445,2
Veltsi_Legacy,5,5,2,2026-04-15T19:46:05+00:00,2026-04-15T21:48:14+00:00,5,5,2044528805855846428,1
Dora_Bakoyannis,4,1,4,2026-04-15T18:28:49+00:00,2026-04-15T21:15:47+00:00,1,1,2044455723543695775,4
HomerPavlos,4,2,4,2026-04-15T18:52:59+00:00,2026-04-15T22:20:26+00:00,2,2,2044372932281975170,3
LMEuropeNews,4,1,4,2026-04-15T19:25:14+00:00,2026-04-15T22:56:36+00:00,1,1,2044434024525885563,4
NicDam4,4,1,4,2026-04-15T20:22:26+00:00,2026-04-15T21:16:19+00:00,1,4,2044489194802729041,4
OratiosPoulos,4,1,4,2026-04-15T19:23:21+00:00,2026-04-15T21:19:50+00:00,1,2,2044379223905665345,4
panagiotis501,4,2,4,2026-04-15T18:30:38+00:00,2026-04-15T22:08:51+00:00,3,3,2044489857863438647,3
penny_rage,4,3,4,2026-04-15T20:37:56+00:00,2026-04-15T21:19:46+00:00,4,4,2044384718238437415,2
tzavelaniki,4,3,4,2026-04-15T19:15:39+00:00,2026-04-15T22:20:44+00:00,3,3,2044481574939332783,2
EliAfriatISR,4,3,3,2026-04-15T21:14:11+00:00,2026-04-15T22:58:15+00:00,3,3,2044299430732734731,2
MarketNewsgr,4,2,3,2026-04-15T19:30:13+00:00,2026-04-15T21:06:13+00:00,2,3,2044407210873172039,3
Nob0dymyname,4,3,3,2026-04-15T20:05:22+00:00,2026-04-15T22:13:07+00:00,3,3,2044497274403696966,2
Notorio_rbg,4,2,3,2026-04-15T18:30:52+00:00,2026-04-15T22:16:47+00:00,2,3,2044320799885017421,2
Vickytax1,4,3,3,2026-04-15T19:23:56+00:00,2026-04-15T21:35:27+00:00,3,3,2044428123140173901,2
consue_banana_,4,2,3,2026-04-15T19:09:37+00:00,2026-04-15T20:07:30+00:00,2,4,2044491434800152665,3
haaha_bou,4,4,3,2026-04-15T19:26:25+00:00,2026-04-15T22:13:48+00:00,4,4,2044376571889283307,1
mamba_aka,4,3,3,2026-04-15T19:56:53+00:00,2026-04-15T21:13:14+00:00,3,3,2044397633288995251,2
tazmanolis,4,2,3,2026-04-15T19:35:06+00:00,2026-04-15T21:56:59+00:00,3,3,2044492123672637511,3
Track11John,4,4,2,2026-04-15T21:02:25+00:00,2026-04-15T21:35:01+00:00,4,4,2044521573269311734,1
dkDurcGYTIpZdKl,4,4,2,2026-04-15T20:22:02+00:00,2026-04-15T21:19:13+00:00,4,4,2044336780615323802,1
manolisgiz,4,4,2,2026-04-15T18:50:34+00:00,2026-04-15T21:25:24+00:00,4,4,2044526028542931367,1
Ander_Bruckes,3,1,3,2026-04-15T19:23:24+00:00,2026-04-15T20:27:11+00:00,2,2,2044420723960058086,3
BohuslavskaKate,3,2,3,2026-04-15T20:04:01+00:00,2026-04-15T21:59:07+00:00,2,2,2044463018973553111,2
FLapsani,3,1,3,2026-04-15T19:56:25+00:00,2026-04-15T21:05:13+00:00,2,2,2044372983351845136,3
GiotaPapapetrou,3,2,3,2026-04-15T19:10:08+00:00,2026-04-15T21:03:05+00:00,2,2,2044490945211564535,2
IamKostasT,3,3,3,2026-04-15T19:36:15+00:00,2026-04-15T21:08:48+00:00,3,3,2044519668233187560,1
Inevitablewest,3,2,3,2026-04-15T19:22:55+00:00,2026-04-15T21:59:53+00:00,2,2,2044443815272956106,2
Ioannis_Nikitas,3,1,3,2026-04-15T19:23:45+00:00,2026-04-15T22:57:49+00:00,1,2,2044440786951938079,3
LKleitou,3,1,3,2026-04-15T19:24:19+00:00,2026-04-15T23:21:15+00:00,1,2,2044340722128593170,3
LeonardTroland,3,1,3,2026-04-15T19:59:36+00:00,2026-04-15T22:27:25+00:00,1,2,2044503122928677083,3
LizaRosen0000,3,2,3,2026-04-15T20:13:45+00:00,2026-04-15T21:53:19+00:00,2,2,2044154585825325131,2
MargSchinas,3,2,3,2026-04-15T19:23:59+00:00,2026-04-15T19:30:23+00:00,3,3,2044492401528484079,2
MariaKoki3,3,2,3,2026-04-15T19:44:48+00:00,2026-04-15T22:40:19+00:00,2,2,2044411065891483990,2
RockRock222555,3,3,3,2026-04-15T20:02:02+00:00,2026-04-15T22:38:57+00:00,3,3,2044500826874319337,1
Tiramolas_,3,1,3,2026-04-15T20:12:13+00:00,2026-04-15T21:19:42+00:00,1,2,2044379385713807842,3
ToulaTour,3,2,3,2026-04-15T19:08:58+00:00,2026-04-15T20:20:16+00:00,2,3,2044503103056064648,2
VICKYK86529099,3,2,3,2026-04-15T19:09:24+00:00,2026-04-15T21:14:50+00:00,2,3,2044484140980953282,2
YpenGr,3,1,3,2026-04-15T20:08:00+00:00,2026-04-15T21:08:11+00:00,2,2,2044432467604476044,3
billxronopoulos,3,1,3,2026-04-15T19:43:29+00:00,2026-04-15T22:02:26+00:00,1,1,2044393751913599256,3
carico1970,3,3,3,2026-04-15T18:47:49+00:00,2026-04-15T21:21:56+00:00,3,3,2044296261264658746,1
deexX5566,3,1,3,2026-04-15T21:01:19+00:00,2026-04-15T22:04:39+00:00,2,2,2044138513096946125,3
doubamari,3,1,3,2026-04-15T18:52:55+00:00,2026-04-15T21:25:31+00:00,1,1,2044378421082349846,3
efarpax_4,3,1,3,2026-04-15T19:24:08+00:00,2026-04-15T20:11:20+00:00,1,3,2044492861681349097,3
fifi_apostolou,3,3,3,2026-04-15T19:49:13+00:00,2026-04-15T20:59:18+00:00,3,3,2044483084934865161,1
g_m_theo,3,2,3,2026-04-15T20:41:50+00:00,2026-04-15T23:07:38+00:00,2,2,2044515442832666829,2
gvrettakos,3,1,3,2026-04-15T20:02:12+00:00,2026-04-15T21:16:56+00:00,1,1,2044438866921201772,3
hellasspecial,3,1,3,2026-04-15T19:22:45+00:00,2026-04-15T22:58:04+00:00,1,1,2044386167840211214,3
ictinus_x,3,1,3,2026-04-15T21:28:21+00:00,2026-04-15T23:05:27+00:00,1,2,2044513489918550320,3
mmoutafides,3,2,3,2026-04-15T20:41:55+00:00,2026-04-15T22:13:25+00:00,2,3,2044472508267520283,2
niktop,3,1,3,2026-04-15T21:05:50+00:00,2026-04-15T22:16:52+00:00,2,2,2044459754794152393,3
prokaliptika1,3,3,3,2026-04-15T20:26:07+00:00,2026-04-15T21:07:53+00:00,3,3,2044392421904052574,1
verazeras,3,1,3,2026-04-15T21:53:24+00:00,2026-04-15T22:49:46+00:00,1,3,2044519053780222028,3
Alyunan00,3,2,2,2026-04-15T19:47:06+00:00,2026-04-15T21:20:49+00:00,2,2,2044352675769458705,2
Curious_Ches,3,2,2,2026-04-15T18:38:09+00:00,2026-04-15T22:18:25+00:00,2,2,2044440231135338724,2
Kevin64794212,3,3,2,2026-04-15T18:53:54+00:00,2026-04-15T22:06:07+00:00,3,3,2044455532858122423,1
Kozet97913705,3,2,2,2026-04-15T18:43:55+00:00,2026-04-15T19:24:42+00:00,2,3,2044374341995909200,2
ProtocolsWZion,3,3,2,2026-04-15T18:46:01+00:00,2026-04-15T20:12:19+00:00,3,3,2044469309901033577,1
SkyNews,3,2,2,2026-04-15T20:11:45+00:00,2026-04-15T20:28:42+00:00,3,3,2044505659832459673,2
TARS955736,3,3,2,2026-04-15T18:33:28+00:00,2026-04-15T20:36:57+00:00,3,3,2044447461129752780,1
Technomagos,3,2,2,2026-04-15T18:40:02+00:00,2026-04-15T20:15:44+00:00,2,2,2044461960230568388,2
XristinaXatz3,3,3,2,2026-04-15T19:09:02+00:00,2026-04-15T21:32:09+00:00,3,3,2044455353090228459,1
aggeloschoriano,3,2,2,2026-04-15T21:05:26+00:00,2026-04-15T22:15:59+00:00,2,3,2044408846681088404,2
giorgoschris2,3,2,2,2026-04-15T18:34:52+00:00,2026-04-15T21:35:06+00:00,2,3,2044510669530157105,2
kikig_3,3,2,2,2026-04-15T20:10:59+00:00,2026-04-15T22:40:28+00:00,2,2,2044423579010257399,2
petrosoutsis,3,3,2,2026-04-15T20:06:50+00:00,2026-04-15T21:12:53+00:00,3,3,2044447911543439596,1
xuzin3sefh,3,3,2,2026-04-15T20:46:53+00:00,2026-04-15T22:01:48+00:00,3,3,2044458309823185300,1
ImtiazMadmood,3,3,1,2026-04-15T21:58:47+00:00,2026-04-15T22:25:06+00:00,3,3,2044526902614876454,1
L3naRain,3,3,1,2026-04-15T20:20:33+00:00,2026-04-15T23:34:40+00:00,3,3,588593495184580608,1
OTemPoRaOmOreS7,3,3,1,2026-04-15T19:56:13+00:00,2026-04-15T20:29:25+00:00,3,3,2044428297749098541,1
Smerna69,3,3,1,2026-04-15T19:08:05+00:00,2026-04-15T19:31:05+00:00,3,3,2044332654456172799,1
WolfK423510,3,3,1,2026-04-15T19:07:03+00:00,2026-04-15T19:25:37+00:00,3,3,2044496411564138654,1
Wolfman45042900,3,3,1,2026-04-15T20:21:24+00:00,2026-04-15T20:46:07+00:00,3,3,2044162772447973785,1
andreasmoun,3,3,1,2026-04-15T20:06:27+00:00,2026-04-15T20:25:28+00:00,3,3,2044396588236173380,1
giorgospolys,3,3,1,2026-04-15T19:35:09+00:00,2026-04-15T20:07:03+00:00,3,3,2044506712086810801,1
johnafri8,3,3,1,2026-04-15T19:01:07+00:00,2026-04-15T19:25:08+00:00,3,3,2044133524517634479,1
xanathja,3,3,1,2026-04-15T19:57:06+00:00,2026-04-15T20:29:58+00:00,3,3,2044489031677858194,1
1693Cross,2,1,2,2026-04-15T21:25:30+00:00,2026-04-15T22:16:17+00:00,1,2,2044344550861258839,2
4thOfJuly365,2,2,2,2026-04-15T19:24:35+00:00,2026-04-15T21:00:51+00:00,2,2,2044406810816184761,1
AITWLOS,2,1,2,2026-04-15T19:48:34+00:00,2026-04-15T22:07:14+00:00,1,1,2044501736279220562,2
AmericaPapaBear,2,1,2,2026-04-15T20:00:41+00:00,2026-04-15T21:02:54+00:00,1,1,2044191291534438434,2
AthanasiouCccp,2,1,2,2026-04-15T19:34:03+00:00,2026-04-15T22:04:39+00:00,1,1,2044462653888708989,2
BrigTheoxaris,2,1,2,2026-04-15T19:40:36+00:00,2026-04-15T20:47:21+00:00,1,1,2044390599218847802,2
CharaKara,2,1,2,2026-04-15T18:29:13+00:00,2026-04-15T20:42:50+00:00,1,1,2044377105748607288,2
DesiBell2,2,1,2,2026-04-15T20:04:38+00:00,2026-04-15T21:05:21+00:00,1,1,2044396695153213753,2
EYakoby,2,2,2,2026-04-15T19:02:31+00:00,2026-04-15T19:33:27+00:00,2,2,2044246532384276907,1
EricLDaugh,2,2,2,2026-04-15T21:19:39+00:00,2026-04-15T23:07:06+00:00,2,2,2044447332209443084,1
FootyHumour,2,1,2,2026-04-15T21:13:36+00:00,2026-04-15T22:07:45+00:00,1,2,2044502840031248580,2
G4Heron,2,2,2,2026-04-15T19:35:06+00:00,2026-04-15T21:59:45+00:00,2,2,2044404727207665895,1
GreekReporterr,2,1,2,2026-04-15T20:12:26+00:00,2026-04-15T21:19:38+00:00,1,1,2044376118438908024,2
IKOKKINAKOU,2,2,2,2026-04-15T19:05:17+00:00,2026-04-15T20:43:24+00:00,2,2,2044284799012016201,1
IosifAvramoglou,2,2,2,2026-04-15T19:10:36+00:00,2026-04-15T19:47:11+00:00,2,2,2044403821212815406,1
JSweetGR,2,1,2,2026-04-15T20:12:49+00:00,2026-04-15T21:20:50+00:00,1,1,2044312981350039611,2
JayinKyiv,2,1,2,2026-04-15T19:32:31+00:00,2026-04-15T20:26:38+00:00,1,2,2044415740715958557,2
JeanMessiha,2,1,2,2026-04-15T20:20:41+00:00,2026-04-15T20:41:28+00:00,1,2,2044464046250881237,2
LelaAth,2,2,2,2026-04-15T20:27:56+00:00,2026-04-15T20:31:36+00:00,2,2,2044490278367584506,1
MAGANEWS_X,2,1,2,2026-04-15T20:46:34+00:00,2026-04-15T22:15:12+00:00,1,1,2044305185837547701,2
MARIAZAHARAKI,2,1,2,2026-04-15T20:45:09+00:00,2026-04-15T21:03:19+00:00,1,2,2044420156038717931,2
Marinaaa_eirini,2,1,2,2026-04-15T18:35:40+00:00,2026-04-15T19:22:04+00:00,1,2,2044482717488697789,2
Monika29698435,2,2,2,2026-04-15T19:48:57+00:00,2026-04-15T22:10:04+00:00,2,2,2044478277050384844,1
NIKSOTIROPOYLOS,2,2,2,2026-04-15T20:11:50+00:00,2026-04-15T21:46:00+00:00,2,2,2044078867653009773,1
Natalia_yael4,2,2,2,2026-04-15T22:12:05+00:00,2026-04-15T22:14:24+00:00,2,2,2044311153682035198,1
NikKo_ial,2,1,2,2026-04-15T19:55:23+00:00,2026-04-15T20:02:52+00:00,2,2,2043917591068958842,2
NikosRHuda,2,1,2,2026-04-15T19:24:29+00:00,2026-04-15T19:59:54+00:00,1,2,2044283886675370100,2
Niw451,2,2,2,2026-04-15T19:19:05+00:00,2026-04-15T20:48:31+00:00,2,2,2044198212190232713,1
NodarasSpiros,2,1,2,2026-04-15T19:07:23+00:00,2026-04-15T21:05:24+00:00,1,1,2044397515986903411,2
Onisenko,2,1,2,2026-04-15T19:29:10+00:00,2026-04-15T20:07:48+00:00,1,2,2044353828988866970,2
P0eMPieDinges,2,1,2,2026-04-15T21:46:09+00:00,2026-04-15T22:12:47+00:00,1,2,2044286456030445890,2
PharmaTsif,2,1,2,2026-04-15T19:17:23+00:00,2026-04-15T22:07:58+00:00,1,1,2044482335257546759,2
Pierrakakis,2,1,2,2026-04-15T21:10:07+00:00,2026-04-15T21:14:28+00:00,2,2,2044441807065420180,2
PlakiasNikos,2,2,2,2026-04-15T18:49:54+00:00,2026-04-15T19:48:00+00:00,2,2,2044364821047431667,1
PsyGuy007,2,2,2,2026-04-15T19:22:49+00:00,2026-04-15T19:28:49+00:00,2,2,2044438500150223030,1
RRomani1973,2,1,2,2026-04-15T20:46:48+00:00,2026-04-15T21:04:43+00:00,1,2,2044313786237006238,2
RomioiLevantine,2,1,2,2026-04-15T19:23:49+00:00,2026-04-15T19:50:26+00:00,1,2,2044360081848889544,2
Rothmus,2,2,2,2026-04-15T21:24:17+00:00,2026-04-15T21:59:38+00:00,2,2,2044191761120026652,1
SaltyGoat17,2,1,2,2026-04-15T19:15:26+00:00,2026-04-15T19:55:11+00:00,1,2,2044136106065588731,2
SinodinosP,2,2,2,2026-04-15T19:52:05+00:00,2026-04-15T19:57:56+00:00,2,2,2044494888486523207,1
THANASIGOUNARIS,2,2,2,2026-04-15T22:02:40+00:00,2026-04-15T22:56:02+00:00,2,2,2044520685247082669,1
TRobinsonNewEra,2,2,2,2026-04-15T20:15:28+00:00,2026-04-15T22:09:50+00:00,2,2,2044393151704551466,1
TheodoreLiolios,2,1,2,2026-04-15T21:16:54+00:00,2026-04-15T22:09:36+00:00,1,2,2044380429390594335,2
Theodoros674021,2,2,2,2026-04-15T19:25:48+00:00,2026-04-15T20:11:20+00:00,2,2,2044508786526769400,1
aekbcgr,2,1,2,2026-04-15T19:23:39+00:00,2026-04-15T20:51:25+00:00,1,1,2044482304970535013,2
anarchistdonkey,2,2,2,2026-04-15T18:32:18+00:00,2026-04-15T20:34:43+00:00,2,2,2044471767457030440,1
arisoikon,2,1,2,2026-04-15T20:51:39+00:00,2026-04-15T21:17:28+00:00,1,2,2044517689616417005,2
fortoseis,2,2,2,2026-04-15T21:27:36+00:00,2026-04-15T22:09:23+00:00,2,2,2044390105733816767,1
georgemilon,2,1,2,2026-04-15T20:04:33+00:00,2026-04-15T20:58:08+00:00,1,2,2044012249812005010,2
htheoharis,2,1,2,2026-04-15T21:10:59+00:00,2026-04-15T21:39:04+00:00,1,2,2044451305792458839,2
jurgen_nauditt,2,1,2,2026-04-15T18:28:17+00:00,2026-04-15T19:22:21+00:00,1,2,2044427240994230747,2
konmanol1,2,1,2,2026-04-15T20:48:31+00:00,2026-04-15T21:05:00+00:00,1,2,2044003673571749924,2
kostasp194,2,1,2,2026-04-15T21:15:25+00:00,2026-04-15T21:54:56+00:00,1,2,2044375130004996391,2
litsagd,2,1,2,2026-04-15T19:38:28+00:00,2026-04-15T19:56:45+00:00,1,2,2044500318029775263,2
liz_churchill10,2,2,2,2026-04-15T20:39:00+00:00,2026-04-15T22:00:53+00:00,2,2,2044403401509777527,1
manoliskalatzis,2,2,2,2026-04-15T18:31:02+00:00,2026-04-15T20:01:21+00:00,2,2,2044387535728549978,1
myrtozax,2,2,2,2026-04-15T22:09:20+00:00,2026-04-15T22:38:29+00:00,2,2,2044354431123120619,1
nikos_aggelakis,2,2,2,2026-04-15T18:55:58+00:00,2026-04-15T22:42:42+00:00,2,2,2044470891526971574,1
oikonomikon,2,2,2,2026-04-15T20:36:56+00:00,2026-04-15T22:11:05+00:00,2,2,2044325889228386335,1
olympiada,2,1,2,2026-04-15T20:08:48+00:00,2026-04-15T20:17:05+00:00,2,2,2044339102598774963,2
qelouki,2,1,2,2026-04-15T21:01:30+00:00,2026-04-15T22:04:33+00:00,1,1,2044498399995506922,2
queenshelleyh,2,1,2,2026-04-15T19:11:40+00:00,2026-04-15T21:18:04+00:00,1,1,2044432252294050298,2
skaigr,2,2,2,2026-04-15T18:39:53+00:00,2026-04-15T21:19:42+00:00,2,2,2044112530146984319,1
smartassPePa1,2,1,2,2026-04-15T21:59:36+00:00,2026-04-15T22:28:09+00:00,1,2,2044357008594260279,2
sohfangwei,2,1,2,2026-04-15T20:31:10+00:00,2026-04-15T22:21:34+00:00,1,1,2044271576707989836,2
steliostso,2,1,2,2026-04-15T19:44:21+00:00,2026-04-15T20:38:34+00:00,1,2,2044490005821714699,2
tassos4162,2,1,2,2026-04-15T19:49:14+00:00,2026-04-15T20:46:39+00:00,1,2,2044414967802180061,2
vickyfnd,2,2,2,2026-04-15T19:16:54+00:00,2026-04-15T19:45:27+00:00,2,2,2044414092706734152,1
visegrad24,2,2,2,2026-04-15T20:38:49+00:00,2026-04-15T22:15:00+00:00,2,2,2044513903250649589,1
1mp0st3rtuta,2,2,1,2026-04-15T20:36:34+00:00,2026-04-15T20:36:52+00:00,2,2,2044510984874684425,1
Bodymist18668,2,2,1,2026-04-15T21:10:49+00:00,2026-04-15T21:16:58+00:00,2,2,2044266117418369101,1
Cd_Julian_,2,2,1,2026-04-15T19:18:13+00:00,2026-04-15T20:57:44+00:00,2,2,2044409628893528240,1
Flora15376310,2,2,1,2026-04-15T18:53:47+00:00,2026-04-15T19:03:36+00:00,2,2,2044476758083117372,1
G_konstn,2,2,1,2026-04-15T19:08:11+00:00,2026-04-15T21:05:18+00:00,2,2,2044518698778567021,1
KTHopkins,2,2,1,2026-04-15T20:15:20+00:00,2026-04-15T23:22:00+00:00,2,2,2044487971462668481,1
KatKatPt,2,2,1,2026-04-15T22:15:17+00:00,2026-04-15T22:29:20+00:00,2,2,2044342421216014370,1
LeonPalaiodimos,2,2,1,2026-04-15T19:58:49+00:00,2026-04-15T20:02:14+00:00,2,2,2044349192152215984,1
Luna_Jones79,2,2,1,2026-04-15T20:36:59+00:00,2026-04-15T20:46:05+00:00,2,2,2044370157762486488,1
Luna_Lunaki,2,2,1,2026-04-15T19:37:15+00:00,2026-04-15T19:55:29+00:00,2,2,2044178494897225805,1
MLingou,2,2,1,2026-04-15T19:15:32+00:00,2026-04-15T20:59:12+00:00,2,2,2044519791378002197,1
MattCas04807118,2,2,1,2026-04-15T20:45:07+00:00,2026-04-15T20:59:17+00:00,2,2,2044078446834274354,1
Nikos_Lygeros,2,2,1,2026-04-15T19:32:57+00:00,2026-04-15T20:16:01+00:00,2,2,2044378579350265946,1
Oliviaxrtx,2,2,1,2026-04-15T19:04:22+00:00,2026-04-15T21:08:28+00:00,2,2,2044431362376286552,1
PGPavlos,2,2,1,2026-04-15T19:41:04+00:00,2026-04-15T19:49:50+00:00,2,2,2044307810880483398,1
Savsays,2,2,1,2026-04-15T23:03:35+00:00,2026-04-15T23:03:37+00:00,2,2,2044522001373474851,1
SerraiaSofia,2,2,1,2026-04-15T19:17:00+00:00,2026-04-15T19:25:15+00:00,2,2,2044492795050623154,1
Stainlessid,2,2,1,2026-04-15T20:38:06+00:00,2026-04-15T20:48:11+00:00,2,2,2044260292184424541,1
Stravoxilo,2,2,1,2026-04-15T19:01:34+00:00,2026-04-15T19:04:26+00:00,2,2,2044468503306985480,1
TassosIoannides,2,2,1,2026-04-15T18:42:58+00:00,2026-04-15T19:49:08+00:00,2,2,2044499816978292980,1
WHLeavitt,2,2,1,2026-04-15T20:43:27+00:00,2026-04-15T20:52:27+00:00,2,2,2044458566564675772,1
WhiteHouse,2,2,1,2026-04-15T19:31:30+00:00,2026-04-15T20:00:47+00:00,2,2,2044476625308262457,1
augoustina1957,2,2,1,2026-04-15T19:11:34+00:00,2026-04-15T19:13:36+00:00,2,2,2044343819861151862,1
giannis_kalyvas,2,2,1,2026-04-15T19:42:00+00:00,2026-04-15T21:01:31+00:00,2,2,2044484424192913747,1
hatz_patty,2,2,1,2026-04-15T21:13:43+00:00,2026-04-15T21:14:44+00:00,2,2,2044513428958564389,1
komninos_lakis,2,2,1,2026-04-15T21:07:35+00:00,2026-04-15T21:07:39+00:00,2,2,2044400297896706285,1
lena_lenaki_len,2,2,1,2026-04-15T18:52:20+00:00,2026-04-15T19:06:17+00:00,2,2,2044354903024243055,1
marydela_7,2,2,1,2026-04-15T18:43:26+00:00,2026-04-15T18:44:04+00:00,2,2,2044338155315249287,1
ourania15,2,2,1,2026-04-15T18:53:18+00:00,2026-04-15T19:01:00+00:00,2,2,2044472747015766181,1
0nDC6SV3nSndeQr,1,1,1,2026-04-15T22:49:23+00:00,2026-04-15T22:49:23+00:00,1,1,2044502373624610994,1
1101101_10,1,1,1,2026-04-15T21:50:31+00:00,2026-04-15T21:50:31+00:00,1,1,2044123063340417083,1
17017Nov,1,1,1,2026-04-15T19:51:04+00:00,2026-04-15T19:51:04+00:00,1,1,2044258919632207955,1
1776General_,1,1,1,2026-04-15T18:59:11+00:00,2026-04-15T18:59:11+00:00,1,1,2044303626080833819,1
2Cowman57,1,1,1,2026-04-15T19:06:30+00:00,2026-04-15T19:06:30+00:00,1,1,2044475065085882589,1
3_soprano,1,1,1,2026-04-15T18:53:10+00:00,2026-04-15T18:53:10+00:00,1,1,2044399927388713087,1
57lista,1,1,1,2026-04-15T19:54:20+00:00,2026-04-15T19:54:20+00:00,1,1,2044492258758512996,1
5channel,1,1,1,2026-04-15T20:16:13+00:00,2026-04-15T20:16:13+00:00,1,1,2044493089797022187,1
8_gaci,1,1,1,2026-04-15T19:21:43+00:00,2026-04-15T19:21:43+00:00,1,1,2044489997101748490,1
AAAprosarmostos,1,1,1,2026-04-15T19:47:56+00:00,2026-04-15T19:47:56+00:00,1,1,2044430447623413810,1
ABCHeckles,1,1,1,2026-04-15T18:32:46+00:00,2026-04-15T18:32:46+00:00,1,1,2044449127476421016,1
AC_PAOK,1,1,1,2026-04-15T21:37:54+00:00,2026-04-15T21:37:54+00:00,1,1,2044466033583370422,1
AEK_FC_OFFICIAL,1,1,1,2026-04-15T19:21:34+00:00,2026-04-15T19:21:34+00:00,1,1,2044493158206026089,1
AHD_from_TX,1,1,1,2026-04-15T20:26:48+00:00,2026-04-15T20:26:48+00:00,1,1,2044358849516204181,1
ASYMBIBAST74855,1,1,1,2026-04-15T19:07:09+00:00,2026-04-15T19:07:09+00:00,1,1,2044360211452907725,1
ATHANASIOSLAMP3,1,1,1,2026-04-15T21:31:39+00:00,2026-04-15T21:31:39+00:00,1,1,2044439554824765619,1
AdamJSchwarz,1,1,1,2026-04-15T18:29:31+00:00,2026-04-15T18:29:31+00:00,1,1,2044420383596511277,1
AegeanHawk,1,1,1,2026-04-15T20:41:36+00:00,2026-04-15T20:41:36+00:00,1,1,2044441215102267734,1
AlexDuncanTX,1,1,1,2026-04-15T21:21:31+00:00,2026-04-15T21:21:31+00:00,1,1,2044407081663619492,1
Alexjk1975,1,1,1,2026-04-15T21:22:29+00:00,2026-04-15T21:22:29+00:00,1,1,2044524945460404556,1
Alinavisooo,1,1,1,2026-04-15T19:20:27+00:00,2026-04-15T19:20:27+00:00,1,1,2044302782740738489,1
AmIsrlChai,1,1,1,2026-04-15T22:58:10+00:00,2026-04-15T22:58:10+00:00,1,1,2044541516677357715,1
Amalia97027643,1,1,1,2026-04-15T22:35:07+00:00,2026-04-15T22:35:07+00:00,1,1,2044345133827510700,1
AmanYavroum,1,1,1,2026-04-15T21:54:31+00:00,2026-04-15T21:54:31+00:00,1,1,2044533823044460664,1
AnKapsalis,1,1,1,2026-04-15T21:00:11+00:00,2026-04-15T21:00:11+00:00,1,1,2044347624279449873,1
AncientHistorry,1,1,1,2026-04-15T20:01:52+00:00,2026-04-15T20:01:52+00:00,1,1,2044434813499986101,1
AngelikeManika,1,1,1,2026-04-15T20:06:37+00:00,2026-04-15T20:06:37+00:00,1,1,2044504502074540311,1
Ani_sorropi,1,1,1,2026-04-15T18:50:09+00:00,2026-04-15T18:50:09+00:00,1,1,2044342256849527034,1
Ant_Karaxalios,1,1,1,2026-04-15T19:42:53+00:00,2026-04-15T19:42:53+00:00,1,1,2044501406321693164,1
AntiSyriza,1,1,1,2026-04-15T21:26:42+00:00,2026-04-15T21:26:42+00:00,1,1,2044448080292925594,1
ApproachNemesis,1,1,1,2026-04-15T20:59:38+00:00,2026-04-15T20:59:38+00:00,1,1,2044361373677744239,1
ArcheusLore,1,1,1,2026-04-15T21:19:40+00:00,2026-04-15T21:19:40+00:00,1,1,2044498310367461524,1
Archibalidis,1,1,1,2026-04-15T21:39:29+00:00,2026-04-15T21:39:29+00:00,1,1,2044502259984126350,1
Arsenal,1,1,1,2026-04-15T21:42:51+00:00,2026-04-15T21:42:51+00:00,1,1,2044524585110938062,1
Arya_eu_,1,1,1,2026-04-15T22:22:41+00:00,2026-04-15T22:22:41+00:00,1,1,2044420117803454659,1
Atane_MIS,1,1,1,2026-04-15T19:50:52+00:00,2026-04-15T19:50:52+00:00,1,1,2044418874729202019,1
Athanasiosfara1,1,1,1,2026-04-15T18:57:53+00:00,2026-04-15T18:57:53+00:00,1,1,2044463550777758206,1
Augusta1C,1,1,1,2026-04-15T21:20:17+00:00,2026-04-15T21:20:17+00:00,1,1,2044121102650146882,1
Avk50117339,1,1,1,2026-04-15T22:20:02+00:00,2026-04-15T22:20:02+00:00,1,1,2044510171628491248,1
BBCNews,1,1,1,2026-04-15T21:32:43+00:00,2026-04-15T21:32:43+00:00,1,1,2044367101347905899,1
BVisitSantorini,1,1,1,2026-04-15T23:08:17+00:00,2026-04-15T23:08:17+00:00,1,1,2044507311994245352,1
BarbaraKain1,1,1,1,2026-04-15T22:33:23+00:00,2026-04-15T22:33:23+00:00,1,1,2044384071946539495,1
BasilTheGreat,1,1,1,2026-04-15T23:23:02+00:00,2026-04-15T23:23:02+00:00,1,1,2044484831526957563,1
BasketNews_com,1,1,1,2026-04-15T22:29:43+00:00,2026-04-15T22:29:43+00:00,1,1,2044347804122783827,1
BasketballCL,1,1,1,2026-04-15T19:36:36+00:00,2026-04-15T19:36:36+00:00,1,1,2044480228735525225,1
BazingaGR,1,1,1,2026-04-15T19:19:06+00:00,2026-04-15T19:19:06+00:00,1,1,2044469058217656464,1
Beburosangel,1,1,1,2026-04-15T18:42:46+00:00,2026-04-15T18:42:46+00:00,1,1,2044422293573521625,1
BigGameTae,1,1,1,2026-04-15T20:13:05+00:00,2026-04-15T20:13:05+00:00,1,1,2044507873418322411,1
BlackMa1234,1,1,1,2026-04-15T21:04:09+00:00,2026-04-15T21:04:09+00:00,1,1,2044479462016716955,1
BoyanSlat,1,1,1,2026-04-15T21:22:24+00:00,2026-04-15T21:22:24+00:00,1,1,2044488695722410369,1
Buraq515,1,1,1,2026-04-15T19:47:04+00:00,2026-04-15T19:47:04+00:00,1,1,2044183966878708206,1
ByJimbob,1,1,1,2026-04-15T21:14:14+00:00,2026-04-15T21:14:14+00:00,1,1,2044223619409326578,1
CKontaxake45095,1,1,1,2026-04-15T19:05:08+00:00,2026-04-15T19:05:08+00:00,1,1,2044483948848279676,1
CNviolations,1,1,1,2026-04-15T20:47:29+00:00,2026-04-15T20:47:29+00:00,1,1,2044128558830792936,1
COADF2,1,1,1,2026-04-15T18:37:41+00:00,2026-04-15T18:37:41+00:00,1,1,2044167224848511245,1
C_3C_3,1,1,1,2026-04-15T21:22:59+00:00,2026-04-15T21:22:59+00:00,1,1,2044366742902734988,1
C_Papachaviaris,1,1,1,2026-04-15T20:27:21+00:00,2026-04-15T20:27:21+00:00,1,1,2044493822311190907,1
CastilloLe58494,1,1,1,2026-04-15T20:10:43+00:00,2026-04-15T20:10:43+00:00,1,1,2044209804462436398,1
CelestaMs49332,1,1,1,2026-04-15T21:20:04+00:00,2026-04-15T21:20:04+00:00,1,1,2044385878286774422,1
ChampionsLeague,1,1,1,2026-04-15T22:14:07+00:00,2026-04-15T22:14:07+00:00,1,1,2044521028823420978,1
ChrisWillx,1,1,1,2026-04-15T20:00:33+00:00,2026-04-15T20:00:33+00:00,1,1,2044471680769175675,1
ChristianEmerg1,1,1,1,2026-04-15T21:23:48+00:00,2026-04-15T21:23:48+00:00,1,1,2044483430306431380,1
ChristinaA43891,1,1,1,2026-04-15T20:59:29+00:00,2026-04-15T20:59:29+00:00,1,1,2044519959842193472,1
ChristossK54759,1,1,1,2026-04-15T19:55:34+00:00,2026-04-15T19:55:34+00:00,1,1,2044476841608589491,1
Chrysa46958080,1,1,1,2026-04-15T22:13:55+00:00,2026-04-15T22:13:55+00:00,1,1,2044455534644879662,1
CnklWasabi,1,1,1,2026-04-15T19:40:25+00:00,2026-04-15T19:40:25+00:00,1,1,2044449663391015060,1
ConstantineLad,1,1,1,2026-04-15T19:33:44+00:00,2026-04-15T19:33:44+00:00,1,1,2044348130976546833,1
Crzyhorse2,1,1,1,2026-04-15T20:03:56+00:00,2026-04-15T20:03:56+00:00,1,1,2044221942819963219,1
Cursed41926,1,1,1,2026-04-15T20:24:23+00:00,2026-04-15T20:24:23+00:00,1,1,2044477607031218677,1
CypThess,1,1,1,2026-04-15T20:23:15+00:00,2026-04-15T20:23:15+00:00,1,1,2044509427835814157,1
DTsakoniti,1,1,1,2026-04-15T19:16:45+00:00,2026-04-15T19:16:45+00:00,1,1,2044464059773251973,1
Dadkhahedaymah,1,1,1,2026-04-15T19:50:16+00:00,2026-04-15T19:50:16+00:00,1,1,2044428704819089903,1
DavidJHarrisJr,1,1,1,2026-04-15T21:22:39+00:00,2026-04-15T21:22:39+00:00,1,1,2044370159620751608,1
DimSterg1957,1,1,1,2026-04-15T21:29:40+00:00,2026-04-15T21:29:40+00:00,1,1,2044100550925365587,1
DollyH25,1,1,1,2026-04-15T19:10:12+00:00,2026-04-15T19:10:12+00:00,1,1,2044314873299960052,1
DonDarma13,1,1,1,2026-04-15T20:19:08+00:00,2026-04-15T20:19:08+00:00,1,1,2044510199025729783,1
Dumlada1926,1,1,1,2026-04-15T21:38:48+00:00,2026-04-15T21:38:48+00:00,1,1,2044470084174024892,1
EAdamopoulou,1,1,1,2026-04-15T19:45:35+00:00,2026-04-15T19:45:35+00:00,1,1,2044333103670267926,1
EEmerson14,1,1,1,2026-04-15T23:09:26+00:00,2026-04-15T23:09:26+00:00,1,1,2044299854302552429,1
EFischberger,1,1,1,2026-04-15T20:56:24+00:00,2026-04-15T20:56:24+00:00,1,1,2044079476414288098,1
EFourti,1,1,1,2026-04-15T19:51:25+00:00,2026-04-15T19:51:25+00:00,1,1,2044422182462279849,1
Electra306,1,1,1,2026-04-15T19:01:15+00:00,2026-04-15T19:01:15+00:00,1,1,2044284343481155753,1
Elefthe49269299,1,1,1,2026-04-15T22:29:38+00:00,2026-04-15T22:29:38+00:00,1,1,2044121387078394178,1
Eman5695,1,1,1,2026-04-15T22:04:42+00:00,2026-04-15T22:04:42+00:00,1,1,2044320031866028525,1
Eman_8282,1,1,1,2026-04-15T20:07:19+00:00,2026-04-15T20:07:19+00:00,1,1,2044294287895278012,1
EnoplosGr,1,1,1,2026-04-15T19:50:37+00:00,2026-04-15T19:50:37+00:00,1,1,2044461556776464752,1
Erinmat81855855,1,1,1,2026-04-15T21:40:32+00:00,2026-04-15T21:40:32+00:00,1,1,2044482467059667151,1
Evgely,1,1,1,2026-04-15T19:04:50+00:00,2026-04-15T19:04:50+00:00,1,1,2044134120058409299,1
FGKPARGA,1,1,1,2026-04-15T19:27:06+00:00,2026-04-15T19:27:06+00:00,1,1,2044124194183516660,1
FT,1,1,1,2026-04-15T19:39:10+00:00,2026-04-15T19:39:10+00:00,1,1,2044340301272129920,1
FanakidiF,1,1,1,2026-04-15T20:36:42+00:00,2026-04-15T20:36:42+00:00,1,1,2044511910607864017,1
Fantasy_gReek,1,1,1,2026-04-15T22:49:26+00:00,2026-04-15T22:49:26+00:00,1,1,2044397607145930804,1
FireandRain23,1,1,1,2026-04-15T22:31:25+00:00,2026-04-15T22:31:25+00:00,1,1,2044369201591140801,1
FoniLogikis_A_L,1,1,1,2026-04-15T20:49:20+00:00,2026-04-15T20:49:20+00:00,1,1,2044410881413365810,1
Footballfights,1,1,1,2026-04-15T18:48:58+00:00,2026-04-15T18:48:58+00:00,1,1,2044389834286936122,1
ForgiatoBlow47,1,1,1,2026-04-15T20:46:32+00:00,2026-04-15T20:46:32+00:00,1,1,2044178355096825871,1
FotisLv,1,1,1,2026-04-15T19:00:26+00:00,2026-04-15T19:00:26+00:00,1,1,2044461263934132732,1
GESideris,1,1,1,2026-04-15T22:59:50+00:00,2026-04-15T22:59:50+00:00,1,1,2044467654417621235,1
GRHellasGR,1,1,1,2026-04-15T19:56:44+00:00,2026-04-15T19:56:44+00:00,1,1,2044405806599176520,1
GeorgeLiakopou2,1,1,1,2026-04-15T19:55:40+00:00,2026-04-15T19:55:40+00:00,1,1,2044494136909148662,1
GeorgeTzorakas,1,1,1,2026-04-15T19:05:01+00:00,2026-04-15T19:05:01+00:00,1,1,2044268355113115902,1
GiorgosPap_96,1,1,1,2026-04-15T21:09:11+00:00,2026-04-15T21:09:11+00:00,1,1,2044468276525195550,1
GreeceMFA,1,1,1,2026-04-15T20:39:28+00:00,2026-04-15T20:39:28+00:00,1,1,2044473155809390907,1
GriftReport,1,1,1,2026-04-15T21:12:33+00:00,2026-04-15T21:12:33+00:00,1,1,2044362600142836055,1
GuntherEagleman,1,1,1,2026-04-15T22:07:00+00:00,2026-04-15T22:07:00+00:00,1,1,2044458832911270084,1
HRessed,1,1,1,2026-04-15T21:07:31+00:00,2026-04-15T21:07:31+00:00,1,1,2044404618654838824,1
Haberler,1,1,1,2026-04-15T22:19:09+00:00,2026-04-15T22:19:09+00:00,1,1,2044422918952693965,1
HarrisSamaras,1,1,1,2026-04-15T21:18:31+00:00,2026-04-15T21:18:31+00:00,1,1,2044261133788369116,1
HellenicEchoes,1,1,1,2026-04-15T21:24:05+00:00,2026-04-15T21:24:05+00:00,1,1,2044155276379451895,1
HenryJP55,1,1,1,2026-04-15T20:47:13+00:00,2026-04-15T20:47:13+00:00,1,1,2044371363356426246,1
Hey_jahid26,1,1,1,2026-04-15T18:50:57+00:00,2026-04-15T18:50:57+00:00,1,1,2044291055839744350,1
HistoryCyprus,1,1,1,2026-04-15T19:27:37+00:00,2026-04-15T19:27:37+00:00,1,1,2044494257122050459,1
Hombrelmparable,1,1,1,2026-04-15T21:13:20+00:00,2026-04-15T21:13:20+00:00,1,1,2044188960378003605,1
HungaryBased,1,1,1,2026-04-15T20:50:48+00:00,2026-04-15T20:50:48+00:00,1,1,2044490945698119811,1
IDF,1,1,1,2026-04-15T20:38:26+00:00,2026-04-15T20:38:26+00:00,1,1,2044441604816032079,1
IRGCarabic,1,1,1,2026-04-15T21:15:12+00:00,2026-04-15T21:15:12+00:00,1,1,2044421205999194568,1
Ilegvm,1,1,1,2026-04-15T20:06:43+00:00,2026-04-15T20:06:43+00:00,1,1,2044452294830240047,1
Iliasrep,1,1,1,2026-04-15T21:19:17+00:00,2026-04-15T21:19:17+00:00,1,1,2044320029882077559,1
InterestingFck,1,1,1,2026-04-15T21:24:12+00:00,2026-04-15T21:24:12+00:00,1,1,2044418719804211331,1
IoannisKatsoul2,1,1,1,2026-04-15T21:03:18+00:00,2026-04-15T21:03:18+00:00,1,1,2044447195500257414,1
IppolitoCaffi,1,1,1,2026-04-15T21:07:42+00:00,2026-04-15T21:07:42+00:00,1,1,2044385432297730191,1
IsraelintheGulf,1,1,1,2026-04-15T20:04:39+00:00,2026-04-15T20:04:39+00:00,1,1,2044409429810905573,1
JGrant5291453,1,1,1,2026-04-15T21:24:27+00:00,2026-04-15T21:24:27+00:00,1,1,2044525847495737395,1
JTPsaropoulos,1,1,1,2026-04-15T20:18:09+00:00,2026-04-15T20:18:09+00:00,1,1,2044451788858839519,1
JamesLucasIT,1,1,1,2026-04-15T20:07:36+00:00,2026-04-15T20:07:36+00:00,1,1,2044439292651384844,1
Jeannettestile4,1,1,1,2026-04-15T22:31:02+00:00,2026-04-15T22:31:02+00:00,1,1,2044290374852649252,1
JemappelleEve,1,1,1,2026-04-15T21:16:50+00:00,2026-04-15T21:16:50+00:00,1,1,2044399908157866398,1
Jo_Fitou_ssi,1,1,1,2026-04-15T20:20:04+00:00,2026-04-15T20:20:04+00:00,1,1,2044186718601977927,1
Juan_Veron1908,1,1,1,2026-04-15T20:00:22+00:00,2026-04-15T20:00:22+00:00,1,1,2044495283887763578,1
JustJared,1,1,1,2026-04-15T20:59:49+00:00,2026-04-15T20:59:49+00:00,1,1,2044420327233495186,1
Kabamaru__n,1,1,1,2026-04-15T20:31:49+00:00,2026-04-15T20:31:49+00:00,1,1,2044493199356420352,1
Karaflademon,1,1,1,2026-04-15T18:50:42+00:00,2026-04-15T18:50:42+00:00,1,1,2044487621037199755,1
Kasparov63,1,1,1,2026-04-15T19:30:36+00:00,2026-04-15T19:30:36+00:00,1,1,2044441840208781449,1
Kaybedlerklbu,1,1,1,2026-04-15T22:27:39+00:00,2026-04-15T22:27:39+00:00,1,1,2044419672762626263,1
KerryTsolakis,1,1,1,2026-04-15T21:58:02+00:00,2026-04-15T21:58:02+00:00,1,1,2044460507076153547,1
KikiXas,1,1,1,2026-04-15T19:45:14+00:00,2026-04-15T19:45:14+00:00,1,1,2044489507324522531,1
Konstadino67183,1,1,1,2026-04-15T19:40:43+00:00,2026-04-15T19:40:43+00:00,1,1,2044434991493329350,1
KosmidisStathis,1,1,1,2026-04-15T21:27:14+00:00,2026-04-15T21:27:14+00:00,1,1,2044370935449346148,1
KostasKatsiras,1,1,1,2026-04-15T21:40:58+00:00,2026-04-15T21:40:58+00:00,1,1,2044453922840944862,1
KostasParaske17,1,1,1,2026-04-15T21:30:45+00:00,2026-04-15T21:30:45+00:00,1,1,2044348544664961069,1
Kyvernitiparat1,1,1,1,2026-04-15T21:16:03+00:00,2026-04-15T21:16:03+00:00,1,1,2044397622119550977,1
LIBERTARIOgchg,1,1,1,2026-04-15T18:58:54+00:00,2026-04-15T18:58:54+00:00,1,1,2044293442977636738,1
La_bri_ni13,1,1,1,2026-04-15T18:52:53+00:00,2026-04-15T18:52:53+00:00,1,1,2044081648925372596,1
Latreia13,1,1,1,2026-04-15T21:40:34+00:00,2026-04-15T21:40:34+00:00,1,1,2044530853385048184,1
Left_Spear,1,1,1,2026-04-15T19:38:40+00:00,2026-04-15T19:38:40+00:00,1,1,2044142915346161706,1
LibertyNut1,1,1,1,2026-04-15T19:22:16+00:00,2026-04-15T19:22:16+00:00,1,1,2044187567029952684,1
LinconOsiris2,1,1,1,2026-04-15T19:46:16+00:00,2026-04-15T19:46:16+00:00,1,1,2044500487525859837,1
Local_Bureau,1,1,1,2026-04-15T19:48:14+00:00,2026-04-15T19:48:14+00:00,1,1,2044074154966569401,1
Loukas_7,1,1,1,2026-04-15T21:19:18+00:00,2026-04-15T21:19:18+00:00,1,1,2044351595974951307,1
Loustros01,1,1,1,2026-04-15T18:57:39+00:00,2026-04-15T18:57:39+00:00,1,1,2044466507279691845,1
Lover12163,1,1,1,2026-04-15T19:06:37+00:00,2026-04-15T19:06:37+00:00,1,1,2044482304396169660,1
Lukarone21,1,1,1,2026-04-15T19:22:44+00:00,2026-04-15T19:22:44+00:00,1,1,2044488491531124865,1
LvivJournal,1,1,1,2026-04-15T20:05:40+00:00,2026-04-15T20:05:40+00:00,1,1,2044417139520475613,1
MKioulafa,1,1,1,2026-04-15T22:27:40+00:00,2026-04-15T22:27:40+00:00,1,1,2044518995076726925,1
MUGABE_ROBERT_,1,1,1,2026-04-15T20:00:44+00:00,2026-04-15T20:00:44+00:00,1,1,2044504558085329208,1
MadonnaUltimate,1,1,1,2026-04-15T18:38:13+00:00,2026-04-15T18:38:13+00:00,1,1,2044479791907164471,1
ManifestHerGlow,1,1,1,2026-04-15T18:42:18+00:00,2026-04-15T18:42:18+00:00,1,1,2044310577871196454,1
Manos39218510,1,1,1,2026-04-15T19:37:06+00:00,2026-04-15T19:37:06+00:00,1,1,2044337720143552872,1
Mappy6984,1,1,1,2026-04-15T20:06:03+00:00,2026-04-15T20:06:03+00:00,1,1,2044081286310973558,1
MargoGontar,1,1,1,2026-04-15T18:42:50+00:00,2026-04-15T18:42:50+00:00,1,1,2044410090459902333,1
MarieFantom337,1,1,1,2026-04-15T19:40:28+00:00,2026-04-15T19:40:28+00:00,1,1,2044307293378859268,1
Marionka16,1,1,1,2026-04-15T20:25:36+00:00,2026-04-15T20:25:36+00:00,1,1,2044469941437362482,1
MariosLouc44788,1,1,1,2026-04-15T20:21:44+00:00,2026-04-15T20:21:44+00:00,1,1,2044494711428207007,1
Marria198,1,1,1,2026-04-15T20:36:22+00:00,2026-04-15T20:36:22+00:00,1,1,2044393312568680853,1
Mastiha7,1,1,1,2026-04-15T19:06:01+00:00,2026-04-15T19:06:01+00:00,1,1,2044321143583023542,1
MatrixMysteries,1,1,1,2026-04-15T20:43:59+00:00,2026-04-15T20:43:59+00:00,1,1,2044468545434616008,1
MbarkCherguia,1,1,1,2026-04-15T20:53:27+00:00,2026-04-15T20:53:27+00:00,1,1,2044324851427750139,1
MenoEdo,1,1,1,2026-04-15T22:43:57+00:00,2026-04-15T22:43:57+00:00,1,1,2044286314338570697,1
Milajoy,1,1,1,2026-04-15T21:07:34+00:00,2026-04-15T21:07:34+00:00,1,1,2043805734857781698,1
Miss_Marple_r,1,1,1,2026-04-15T22:11:46+00:00,2026-04-15T22:11:46+00:00,1,1,2044515341963817461,1
Mofoman360,1,1,1,2026-04-15T20:47:17+00:00,2026-04-15T20:47:17+00:00,1,1,2044473359040160022,1
MuuMuse,1,1,1,2026-04-15T18:37:50+00:00,2026-04-15T18:37:50+00:00,1,1,2044389377636237509,1
NIGEL_HAYES,1,1,1,2026-04-15T22:11:45+00:00,2026-04-15T22:11:45+00:00,1,1,2044533795567682034,1
NemesisGRE,1,1,1,2026-04-15T20:24:55+00:00,2026-04-15T20:24:55+00:00,1,1,2044458633077875053,1
Nickfarc19,1,1,1,2026-04-15T20:00:56+00:00,2026-04-15T20:00:56+00:00,1,1,2044492779376509161,1
NikolaosSampat1,1,1,1,2026-04-15T21:47:24+00:00,2026-04-15T21:47:24+00:00,1,1,2044123903241437397,1
NikosMichael6,1,1,1,2026-04-15T21:13:51+00:00,2026-04-15T21:13:51+00:00,1,1,2044362138320318484,1
NikosMichailid4,1,1,1,2026-04-15T20:01:18+00:00,2026-04-15T20:01:18+00:00,1,1,2044117459993813022,1
NiohBerg,1,1,1,2026-04-15T20:58:54+00:00,2026-04-15T20:58:54+00:00,1,1,2044457165176361182,1
NoeWehrtSich,1,1,1,2026-04-15T19:21:03+00:00,2026-04-15T19:21:03+00:00,1,1,2044120445280993752,1
NomizwZw,1,1,1,2026-04-15T19:51:00+00:00,2026-04-15T19:51:00+00:00,1,1,2044503120906952816,1
OStergioudi,1,1,1,2026-04-15T20:30:45+00:00,2026-04-15T20:30:45+00:00,1,1,2044482366148653279,1
OTHONDRAKATOS,1,1,1,2026-04-15T20:17:36+00:00,2026-04-15T20:17:36+00:00,1,1,2044426854451286510,1
O_fatseas_sas,1,1,1,2026-04-15T21:04:37+00:00,2026-04-15T21:04:37+00:00,1,1,2044516721059312026,1
OknewsGr,1,1,1,2026-04-15T20:57:03+00:00,2026-04-15T20:57:03+00:00,1,1,2044516575982604389,1
OlgaBen1979,1,1,1,2026-04-15T20:05:34+00:00,2026-04-15T20:05:34+00:00,1,1,2044493845522452823,1
Omirosb,1,1,1,2026-04-15T19:53:43+00:00,2026-04-15T19:53:43+00:00,1,1,2044342279129661681,1
OzgurCreativity,1,1,1,2026-04-15T21:08:50+00:00,2026-04-15T21:08:50+00:00,1,1,2044089860512715052,1
PAOKbasketball,1,1,1,2026-04-15T21:33:44+00:00,2026-04-15T21:33:44+00:00,1,1,2044466690621088004,1
PAOKland4,1,1,1,2026-04-15T21:09:09+00:00,2026-04-15T21:09:09+00:00,1,1,2044465023540466095,1
PK001366207,1,1,1,2026-04-15T21:07:27+00:00,2026-04-15T21:07:27+00:00,1,1,2044507948601225563,1
PNWG_NATURE,1,1,1,2026-04-15T19:03:28+00:00,2026-04-15T19:03:28+00:00,1,1,2044485915389862383,1
Parkernomics,1,1,1,2026-04-15T22:17:44+00:00,2026-04-15T22:17:44+00:00,1,1,2044067452137705959,1
Partisan_12,1,1,1,2026-04-15T19:23:01+00:00,2026-04-15T19:23:01+00:00,1,1,2044425954446246031,1
PastPaulitics,1,1,1,2026-04-15T22:29:26+00:00,2026-04-15T22:29:26+00:00,1,1,2044539354509385961,1
PaulleyTicks,1,1,1,2026-04-15T19:28:22+00:00,2026-04-15T19:28:22+00:00,1,1,2044453293683052628,1
Periklakkos,1,1,1,2026-04-15T20:51:57+00:00,2026-04-15T20:51:57+00:00,1,1,2044486042342838330,1
PetrosVanRipper,1,1,1,2026-04-15T19:45:56+00:00,2026-04-15T19:45:56+00:00,1,1,2044158407754555617,1
PlanetZeroOne,1,1,1,2026-04-15T20:10:08+00:00,2026-04-15T20:10:08+00:00,1,1,2044305598049632555,1
Polymarket,1,1,1,2026-04-15T19:26:17+00:00,2026-04-15T19:26:17+00:00,1,1,2044467716904345686,1
PowPowPleasures,1,1,1,2026-04-15T20:59:24+00:00,2026-04-15T20:59:24+00:00,1,1,2044421970649833580,1
QuokkaX,1,1,1,2026-04-15T21:59:57+00:00,2026-04-15T21:59:57+00:00,1,1,2044192207029317937,1
RaminNasibov,1,1,1,2026-04-15T20:17:02+00:00,2026-04-15T20:17:02+00:00,1,1,2044365343011811513,1
RealBababanaras,1,1,1,2026-04-15T21:20:35+00:00,2026-04-15T21:20:35+00:00,1,1,2043879891394039918,1
RealDonKeith,1,1,1,2026-04-15T20:02:38+00:00,2026-04-15T20:02:38+00:00,1,1,2044392225988133370,1
Recylopse,1,1,1,2026-04-15T20:57:13+00:00,2026-04-15T20:57:13+00:00,1,1,2044446182814916661,1
RestIsPolitics,1,1,1,2026-04-15T19:20:11+00:00,2026-04-15T19:20:11+00:00,1,1,2044405506664509659,1
ReutersCommods,1,1,1,2026-04-15T19:24:30+00:00,2026-04-15T19:24:30+00:00,1,1,2044412354348175441,1
Rickatycat,1,1,1,2026-04-15T18:37:22+00:00,2026-04-15T18:37:22+00:00,1,1,2044171319806152740,1
RpsAgainstTrump,1,1,1,2026-04-15T19:21:14+00:00,2026-04-15T19:21:14+00:00,1,1,2044410006271844482,1
SPIROSTHEONE,1,1,1,2026-04-15T19:16:48+00:00,2026-04-15T19:16:48+00:00,1,1,2044388402108170552,1
SXakousti,1,1,1,2026-04-15T19:39:13+00:00,2026-04-15T19:39:13+00:00,1,1,2044091158712738196,1
SaP011,1,1,1,2026-04-15T21:43:52+00:00,2026-04-15T21:43:52+00:00,1,1,2044312978778997154,1
SamanthaTaghoy,1,1,1,2026-04-15T18:53:30+00:00,2026-04-15T18:53:30+00:00,1,1,2044130391561216348,1
Satanna33,1,1,1,2026-04-15T21:42:06+00:00,2026-04-15T21:42:06+00:00,1,1,2044454468217901403,1
Schopenhaueress,1,1,1,2026-04-15T23:00:00+00:00,2026-04-15T23:00:00+00:00,1,1,2044310599442546847,1
ScroogeKifissia,1,1,1,2026-04-15T20:47:12+00:00,2026-04-15T20:47:12+00:00,1,1,2044503519005139262,1
Sea_Bass_J,1,1,1,2026-04-15T19:25:31+00:00,2026-04-15T19:25:31+00:00,1,1,2044314493392495085,1
ShangguanJiewen,1,1,1,2026-04-15T21:19:28+00:00,2026-04-15T21:19:28+00:00,1,1,2044349415226573015,1
So_Fren,1,1,1,2026-04-15T21:10:06+00:00,2026-04-15T21:10:06+00:00,1,1,1538551997569372166,1
SofiaKonst6071,1,1,1,2026-04-15T18:44:01+00:00,2026-04-15T18:44:01+00:00,1,1,2044179240434704677,1
SofiaPaschalid,1,1,1,2026-04-15T19:00:50+00:00,2026-04-15T19:00:50+00:00,1,1,2044472578861936699,1
Sonerkorkmaz38,1,1,1,2026-04-15T19:37:37+00:00,2026-04-15T19:37:37+00:00,1,1,2044351811373416694,1
SpotifyMexico,1,1,1,2026-04-15T20:56:54+00:00,2026-04-15T20:56:54+00:00,1,1,2044463897193943201,1
THEORTHOCHAT,1,1,1,2026-04-15T23:26:32+00:00,2026-04-15T23:26:32+00:00,1,1,2043902813277692258,1
TKontaxiou,1,1,1,2026-04-15T21:15:39+00:00,2026-04-15T21:15:39+00:00,1,1,2044523637768654900,1
TheBest_Viral,1,1,1,2026-04-15T21:27:58+00:00,2026-04-15T21:27:58+00:00,1,1,2044491446405742959,1
TheGreekPatriot,1,1,1,2026-04-15T21:28:20+00:00,2026-04-15T21:28:20+00:00,1,1,2044321588422816203,1
TheKuhnerReport,1,1,1,2026-04-15T20:03:57+00:00,2026-04-15T20:03:57+00:00,1,1,2044214278085808463,1
TheLaurenChen,1,1,1,2026-04-15T22:25:03+00:00,2026-04-15T22:25:03+00:00,1,1,2044425071599440318,1
TheMaltus,1,1,1,2026-04-15T22:09:46+00:00,2026-04-15T22:09:46+00:00,1,1,2044537957009289597,1
TheRabbitHole,1,1,1,2026-04-15T19:15:34+00:00,2026-04-15T19:15:34+00:00,1,1,2044417031886500341,1
Thorvin1976,1,1,1,2026-04-15T21:10:33+00:00,2026-04-15T21:10:33+00:00,1,1,2044466939951530463,1
Thriassiogr,1,1,1,2026-04-15T20:41:56+00:00,2026-04-15T20:41:56+00:00,1,1,2044515323668218287,1
TigayBarry,1,1,1,2026-04-15T21:09:54+00:00,2026-04-15T21:09:54+00:00,1,1,2044217251360883105,1
ToXantho,1,1,1,2026-04-15T19:52:45+00:00,2026-04-15T19:52:45+00:00,1,1,2044497696770216028,1
TodayinHistory,1,1,1,2026-04-15T19:02:22+00:00,2026-04-15T19:02:22+00:00,1,1,2044143286928191968,1
ToroSinExcusas,1,1,1,2026-04-15T22:18:29+00:00,2026-04-15T22:18:29+00:00,1,1,2044222757043421562,1
Trikalinos131,1,1,1,2026-04-15T19:35:18+00:00,2026-04-15T19:35:18+00:00,1,1,2044463069976224246,1
UndiagnosedMode,1,1,1,2026-04-15T18:51:21+00:00,2026-04-15T18:51:21+00:00,1,1,2044483801066148154,1
Vathipigadi,1,1,1,2026-04-15T23:08:44+00:00,2026-04-15T23:08:44+00:00,1,1,2044432658877313182,1
VforVolemenos,1,1,1,2026-04-15T20:23:20+00:00,2026-04-15T20:23:20+00:00,1,1,2044374072834847106,1
Voice75848495,1,1,1,2026-04-15T18:37:00+00:00,2026-04-15T18:37:00+00:00,1,1,2044345776797569536,1
WassonWatch,1,1,1,2026-04-15T19:49:53+00:00,2026-04-15T19:49:53+00:00,1,1,2044184890954887183,1
WizdoctorV,1,1,1,2026-04-15T20:32:57+00:00,2026-04-15T20:32:57+00:00,1,1,2044379074831749388,1
XristinaP81,1,1,1,2026-04-15T19:09:45+00:00,2026-04-15T19:09:45+00:00,1,1,2044153330838958170,1
XyzContagion,1,1,1,2026-04-15T18:44:43+00:00,2026-04-15T18:44:43+00:00,1,1,2044423206270816618,1
YiannisYiannis8,1,1,1,2026-04-15T19:59:24+00:00,2026-04-15T19:59:24+00:00,1,1,2044309473414516998,1
ZbejVty,1,1,1,2026-04-15T22:01:49+00:00,2026-04-15T22:01:49+00:00,1,1,2044535810687430862,1
_bilnas7__,1,1,1,2026-04-15T19:52:01+00:00,2026-04-15T19:52:01+00:00,1,1,2044028324092014631,1
_theoulis,1,1,1,2026-04-15T19:07:20+00:00,2026-04-15T19:07:20+00:00,1,1,2044486279224598923,1
a_loverdos,1,1,1,2026-04-15T21:17:20+00:00,2026-04-15T21:17:20+00:00,1,1,2044375959432728663,1
acpanathinaikos,1,1,1,2026-04-15T23:04:08+00:00,2026-04-15T23:04:08+00:00,1,1,2044506821906268564,1
aigiotissa,1,1,1,2026-04-15T19:12:16+00:00,2026-04-15T19:12:16+00:00,1,1,2044296061787742695,1
aikarerina,1,1,1,2026-04-15T19:36:50+00:00,2026-04-15T19:36:50+00:00,1,1,2044388938089976150,1
aitheriaV,1,1,1,2026-04-15T20:01:12+00:00,2026-04-15T20:01:12+00:00,1,1,2044394410972959180,1
allenanalysis,1,1,1,2026-04-15T19:32:11+00:00,2026-04-15T19:32:11+00:00,1,1,2044432044550226240,1
alyonapopova,1,1,1,2026-04-15T19:47:04+00:00,2026-04-15T19:47:04+00:00,1,1,2044298424389091616,1
amyjohsonwh,1,1,1,2026-04-15T20:49:50+00:00,2026-04-15T20:49:50+00:00,1,1,2044151441892487202,1
andreas_nigbur,1,1,1,2026-04-15T20:52:20+00:00,2026-04-15T20:52:20+00:00,1,1,2044253159514906811,1
andrikeloss,1,1,1,2026-04-15T18:51:14+00:00,2026-04-15T18:51:14+00:00,1,1,2044393972705927384,1
angelikitsakani,1,1,1,2026-04-15T18:33:06+00:00,2026-04-15T18:33:06+00:00,1,1,2044422786140037134,1
angie22gr,1,1,1,2026-04-15T21:27:01+00:00,2026-04-15T21:27:01+00:00,1,1,2044407972894269652,1
annamlulis,1,1,1,2026-04-15T21:29:10+00:00,2026-04-15T21:29:10+00:00,1,1,2044161722836029611,1
antarasfg,1,1,1,2026-04-15T21:53:33+00:00,2026-04-15T21:53:33+00:00,1,1,2044354589353300056,1
arisrevolution1,1,1,1,2026-04-15T19:31:35+00:00,2026-04-15T19:31:35+00:00,1,1,2044498783841431977,1
atairiastos,1,1,1,2026-04-15T22:27:58+00:00,2026-04-15T22:27:58+00:00,1,1,2044516884335222788,1
avgias,1,1,1,2026-04-15T19:46:25+00:00,2026-04-15T19:46:25+00:00,1,1,2044501482079191286,1
babasi_pa,1,1,1,2026-04-15T19:01:21+00:00,2026-04-15T19:01:21+00:00,1,1,2044181361586577750,1
baccheuo,1,1,1,2026-04-15T19:59:59+00:00,2026-04-15T19:59:59+00:00,1,1,2044457003557523799,1
billy_schumi,1,1,1,2026-04-15T20:00:19+00:00,2026-04-15T20:00:19+00:00,1,1,2044493628991512882,1
blackmore_r,1,1,1,2026-04-15T19:58:59+00:00,2026-04-15T19:58:59+00:00,1,1,2044332672416141743,1
bobidion,1,1,1,2026-04-15T21:00:37+00:00,2026-04-15T21:00:37+00:00,1,1,2044505775234523481,1
bruidsjonker_1,1,1,1,2026-04-15T22:16:40+00:00,2026-04-15T22:16:40+00:00,1,1,2044475923668381797,1
c20902f64c1141d,1,1,1,2026-04-15T21:39:19+00:00,2026-04-15T21:39:19+00:00,1,1,2044471959606505708,1
chacakhan,1,1,1,2026-04-15T21:33:13+00:00,2026-04-15T21:33:13+00:00,1,1,2044495268914098621,1
cleo_512,1,1,1,2026-04-15T21:03:53+00:00,2026-04-15T21:03:53+00:00,1,1,2044464648750305427,1
csynnefo,1,1,1,2026-04-15T20:49:07+00:00,2026-04-15T20:49:07+00:00,1,1,2044381650973265999,1
cturnbull1968,1,1,1,2026-04-15T19:20:39+00:00,2026-04-15T19:20:39+00:00,1,1,2044399277066060198,1
cutestmaja,1,1,1,2026-04-15T21:05:37+00:00,2026-04-15T21:05:37+00:00,1,1,2044102017778331807,1
d_asimina,1,1,1,2026-04-15T19:16:41+00:00,2026-04-15T19:16:41+00:00,1,1,2044493135137452160,1
daskalosakis,1,1,1,2026-04-15T19:21:00+00:00,2026-04-15T19:21:00+00:00,1,1,2044491532837716371,1
david_arcano,1,1,1,2026-04-15T22:30:39+00:00,2026-04-15T22:30:39+00:00,1,1,2044254316509163653,1
diol2n,1,1,1,2026-04-15T19:38:22+00:00,2026-04-15T19:38:22+00:00,1,1,2043669905505959985,1
donbasilioplus,1,1,1,2026-04-15T19:37:46+00:00,2026-04-15T19:37:46+00:00,1,1,2044368215690658263,1
druginaplug,1,1,1,2026-04-15T21:50:05+00:00,2026-04-15T21:50:05+00:00,1,1,1951911425427075504,1
dynLBfd1qCDivww,1,1,1,2026-04-15T19:52:49+00:00,2026-04-15T19:52:49+00:00,1,1,2044501766742348168,1
eduardomenoni,1,1,1,2026-04-15T21:03:56+00:00,2026-04-15T21:03:56+00:00,1,1,2044043112566161427,1
eirini_georgia,1,1,1,2026-04-15T19:04:39+00:00,2026-04-15T19:04:39+00:00,1,1,2044343351399342334,1
elinampounia,1,1,1,2026-04-15T22:17:19+00:00,2026-04-15T22:17:19+00:00,1,1,2044495806573478062,1
elivasilopoulou,1,1,1,2026-04-15T19:28:06+00:00,2026-04-15T19:28:06+00:00,1,1,2044435797709918388,1
elonmusk,1,1,1,2026-04-15T20:00:15+00:00,2026-04-15T20:00:15+00:00,1,1,2044488530618130918,1
eltaniets,1,1,1,2026-04-15T22:25:18+00:00,2026-04-15T22:25:18+00:00,1,1,2044542206833197097,1
eniiii2,1,1,1,2026-04-15T20:03:26+00:00,2026-04-15T20:03:26+00:00,1,1,2044495091696271795,1
estetikos5,1,1,1,2026-04-15T21:32:16+00:00,2026-04-15T21:32:16+00:00,1,1,2044330072639729840,1
faiaki576,1,1,1,2026-04-15T22:35:55+00:00,2026-04-15T22:35:55+00:00,1,1,2044358471261295032,1
ferminadas85,1,1,1,2026-04-15T23:32:53+00:00,2026-04-15T23:32:53+00:00,1,1,2044145456591089974,1
fredisbeleris,1,1,1,2026-04-15T21:16:48+00:00,2026-04-15T21:16:48+00:00,1,1,2044362467174674899,1
g_evgenidis,1,1,1,2026-04-15T20:05:20+00:00,2026-04-15T20:05:20+00:00,1,1,2044320606473027707,1
galaxias1313,1,1,1,2026-04-15T20:00:05+00:00,2026-04-15T20:00:05+00:00,1,1,2044475300407366131,1
galex1908,1,1,1,2026-04-15T19:07:28+00:00,2026-04-15T19:07:28+00:00,1,1,2044452441391853712,1
gecffmn,1,1,1,2026-04-15T21:11:21+00:00,2026-04-15T21:11:21+00:00,1,1,2044075078581657671,1
giannopoulos35,1,1,1,2026-04-15T21:47:25+00:00,2026-04-15T21:47:25+00:00,1,1,2044527669111304372,1
gio_Kk23,1,1,1,2026-04-15T19:44:31+00:00,2026-04-15T19:44:31+00:00,1,1,2044494896896049437,1
greekcitytimes,1,1,1,2026-04-15T19:30:41+00:00,2026-04-15T19:30:41+00:00,1,1,2044204482943430760,1
himeroscr,1,1,1,2026-04-15T19:49:36+00:00,2026-04-15T19:49:36+00:00,1,1,2044470775596368269,1
hmardiris,1,1,1,2026-04-15T21:58:31+00:00,2026-04-15T21:58:31+00:00,1,1,2044486188661428369,1
horexitoueater,1,1,1,2026-04-15T19:58:06+00:00,2026-04-15T19:58:06+00:00,1,1,2044166883385966752,1
iHeartRadio,1,1,1,2026-04-15T20:57:31+00:00,2026-04-15T20:57:31+00:00,1,1,2044475847655231995,1
ilpresidenteh,1,1,1,2026-04-15T19:55:42+00:00,2026-04-15T19:55:42+00:00,1,1,2044498303199379915,1
in_gr,1,1,1,2026-04-15T18:36:00+00:00,2026-04-15T18:36:00+00:00,1,1,2044477144038789627,1
insomniacgames,1,1,1,2026-04-15T20:02:27+00:00,2026-04-15T20:02:27+00:00,1,1,2044506142890439157,1
ioannisekolovos,1,1,1,2026-04-15T21:19:40+00:00,2026-04-15T21:19:40+00:00,1,1,2044310415262244878,1
iointelresearch,1,1,1,2026-04-15T20:01:58+00:00,2026-04-15T20:01:58+00:00,1,1,2044499380514759094,1
ips1987,1,1,1,2026-04-15T18:32:05+00:00,2026-04-15T18:32:05+00:00,1,1,2044482590409695632,1
its_The_Dr,1,1,1,2026-04-15T22:29:21+00:00,2026-04-15T22:29:21+00:00,1,1,2044223963513901189,1
iwanonotsj,1,1,1,2026-04-15T22:25:41+00:00,2026-04-15T22:25:41+00:00,1,1,2044528623378419812,1
jaeraladraosz,1,1,1,2026-04-15T22:15:46+00:00,2026-04-15T22:15:46+00:00,1,1,2044410412574097872,1
janninereid1,1,1,1,2026-04-15T20:48:02+00:00,2026-04-15T20:48:02+00:00,1,1,2044159775789990285,1
jggkatas,1,1,1,2026-04-15T19:59:05+00:00,2026-04-15T19:59:05+00:00,1,1,2042273778583953789,1
john88right,1,1,1,2026-04-15T20:31:29+00:00,2026-04-15T20:31:29+00:00,1,1,2044491999923839391,1
k_oppenheimer,1,1,1,2026-04-15T22:43:11+00:00,2026-04-15T22:43:11+00:00,1,1,2044280934439010726,1
kadonkey,1,1,1,2026-04-15T23:08:12+00:00,2026-04-15T23:08:12+00:00,1,1,2044454168119660619,1
kafros_o,1,1,1,2026-04-15T19:27:28+00:00,2026-04-15T19:27:28+00:00,1,1,2044366531006451887,1
klikr,1,1,1,2026-04-15T20:59:26+00:00,2026-04-15T20:59:26+00:00,1,1,2044514438825284067,1
koinonou,1,1,1,2026-04-15T22:26:37+00:00,2026-04-15T22:26:37+00:00,1,1,2044529025427648752,1
kosmasharismas,1,1,1,2026-04-15T20:02:48+00:00,2026-04-15T20:02:48+00:00,1,1,1849063332201808219,1
ksorbs,1,1,1,2026-04-15T23:34:53+00:00,2026-04-15T23:34:53+00:00,1,1,2044515412658802956,1
la_france_sur_x,1,1,1,2026-04-15T20:46:47+00:00,2026-04-15T20:46:47+00:00,1,1,2044424078778347867,1
lechochretien,1,1,1,2026-04-15T18:58:38+00:00,2026-04-15T18:58:38+00:00,1,1,2044392986788737127,1
leofloros1908,1,1,1,2026-04-15T18:58:53+00:00,2026-04-15T18:58:53+00:00,1,1,2044489937647534381,1
liamcunningham1,1,1,1,2026-04-15T19:22:40+00:00,2026-04-15T19:22:40+00:00,1,1,2044470485056942346,1
liarda56,1,1,1,2026-04-15T20:18:35+00:00,2026-04-15T20:18:35+00:00,1,1,2044506582432481670,1
lirouleo_,1,1,1,2026-04-15T18:35:09+00:00,2026-04-15T18:35:09+00:00,1,1,2044438569729573135,1
loveepls,1,1,1,2026-04-15T22:30:21+00:00,2026-04-15T22:30:21+00:00,1,1,2044396725498941722,1
lucyshow11,1,1,1,2026-04-15T21:15:59+00:00,2026-04-15T21:15:59+00:00,1,1,2044073940516253995,1
m_floger,1,1,1,2026-04-15T19:03:44+00:00,2026-04-15T19:03:44+00:00,1,1,2044298646267609188,1
machiavelli_gr,1,1,1,2026-04-15T19:58:30+00:00,2026-04-15T19:58:30+00:00,1,1,2044357750906376491,1
madgefan14,1,1,1,2026-04-15T21:00:37+00:00,2026-04-15T21:00:37+00:00,1,1,2044423758409048545,1
makisv1,1,1,1,2026-04-15T19:20:25+00:00,2026-04-15T19:20:25+00:00,1,1,2044379919040581940,1
matzyian,1,1,1,2026-04-15T22:21:05+00:00,2026-04-15T22:21:05+00:00,1,1,2044337852004155896,1
mdnaspears_,1,1,1,2026-04-15T20:58:42+00:00,2026-04-15T20:58:42+00:00,1,1,2044483238974927281,1
michaeldweiss,1,1,1,2026-04-15T20:34:53+00:00,2026-04-15T20:34:53+00:00,1,1,2044494158094610458,1
mikronous,1,1,1,2026-04-15T19:51:31+00:00,2026-04-15T19:51:31+00:00,1,1,2044380828348678564,1
mikros_prigkipa,1,1,1,2026-04-15T20:23:03+00:00,2026-04-15T20:23:03+00:00,1,1,2044487543614238930,1
missvasileiou,1,1,1,2026-04-15T19:17:09+00:00,2026-04-15T19:17:09+00:00,1,1,2044141164652118029,1
mm_professork,1,1,1,2026-04-15T21:22:13+00:00,2026-04-15T21:22:13+00:00,1,1,2044522081157534073,1
mounoskylo,1,1,1,2026-04-15T19:36:02+00:00,2026-04-15T19:36:02+00:00,1,1,2044340234129690969,1
mpantazo,1,1,1,2026-04-15T19:47:57+00:00,2026-04-15T19:47:57+00:00,1,1,2044380282896130255,1
mpokotas,1,1,1,2026-04-15T19:55:51+00:00,2026-04-15T19:55:51+00:00,1,1,2044450142233690576,1
mpoumpivol2,1,1,1,2026-04-15T18:31:35+00:00,2026-04-15T18:31:35+00:00,1,1,2044385812872048703,1
mpozos1981,1,1,1,2026-04-15T20:03:41+00:00,2026-04-15T20:03:41+00:00,1,1,2044498388008231171,1
nasos19791979,1,1,1,2026-04-15T20:16:30+00:00,2026-04-15T20:16:30+00:00,1,1,2044461140223168572,1
ncole_r,1,1,1,2026-04-15T18:52:55+00:00,2026-04-15T18:52:55+00:00,1,1,2044113043735347230,1
newrepublic,1,1,1,2026-04-15T19:29:36+00:00,2026-04-15T19:29:36+00:00,1,1,2044373876734321062,1
nicksortor,1,1,1,2026-04-15T23:22:34+00:00,2026-04-15T23:22:34+00:00,1,1,2044518456653975574,1
not_buford,1,1,1,2026-04-15T20:13:07+00:00,2026-04-15T20:13:07+00:00,1,1,2044137831094989173,1
nprepalas,1,1,1,2026-04-15T21:44:22+00:00,2026-04-15T21:44:22+00:00,1,1,2044368905477489042,1
ntalaoura,1,1,1,2026-04-15T21:06:14+00:00,2026-04-15T21:06:14+00:00,1,1,2044521517564739852,1
nyctalopos,1,1,1,2026-04-15T19:36:06+00:00,2026-04-15T19:36:06+00:00,1,1,2044430235991474220,1
nypost,1,1,1,2026-04-15T20:45:43+00:00,2026-04-15T20:45:43+00:00,1,1,2044497030932770960,1
o_rein,1,1,1,2026-04-15T20:36:46+00:00,2026-04-15T20:36:46+00:00,1,1,2044509298772808022,1
ola_ekso,1,1,1,2026-04-15T20:24:24+00:00,2026-04-15T20:24:24+00:00,1,1,2044511172334920132,1
orthodox_33ad,1,1,1,2026-04-15T19:31:23+00:00,2026-04-15T19:31:23+00:00,1,1,2043984408273617103,1
ovlepw,1,1,1,2026-04-15T20:28:14+00:00,2026-04-15T20:28:14+00:00,1,1,2044512971699687710,1
panaotis_,1,1,1,2026-04-15T19:20:02+00:00,2026-04-15T19:20:02+00:00,1,1,2044420145343238575,1
panapotis,1,1,1,2026-04-15T19:18:32+00:00,2026-04-15T19:18:32+00:00,1,1,2044131588804342126,1
paohistorygr,1,1,1,2026-04-15T23:07:55+00:00,2026-04-15T23:07:55+00:00,1,1,2044445219060416924,1
papa_mat2,1,1,1,2026-04-15T18:56:56+00:00,2026-04-15T18:56:56+00:00,1,1,2044265796424126592,1
paristzina,1,1,1,2026-04-15T18:53:34+00:00,2026-04-15T18:53:34+00:00,1,1,2044488379778130020,1
pasxalia4,1,1,1,2026-04-15T20:20:18+00:00,2026-04-15T20:20:18+00:00,1,1,2025276054202359928,1
pavlospapadim,1,1,1,2026-04-15T21:01:28+00:00,2026-04-15T21:01:28+00:00,1,1,2044520538500919734,1
persianserene2,1,1,1,2026-04-15T21:23:17+00:00,2026-04-15T21:23:17+00:00,1,1,2044372256269213896,1
petros_GR,1,1,1,2026-04-15T20:31:21+00:00,2026-04-15T20:31:21+00:00,1,1,2044509766479712440,1
pharmaki500mg,1,1,1,2026-04-15T21:45:16+00:00,2026-04-15T21:45:16+00:00,1,1,2044458612035056028,1
pingzhang632,1,1,1,2026-04-15T20:02:03+00:00,2026-04-15T20:02:03+00:00,1,1,2044261740117111230,1
pioupiou_v,1,1,1,2026-04-15T20:07:03+00:00,2026-04-15T20:07:03+00:00,1,1,2044494157222219923,1
praktikiskepsi,1,1,1,2026-04-15T18:33:12+00:00,2026-04-15T18:33:12+00:00,1,1,2044040107838046596,1
prng2777,1,1,1,2026-04-15T18:45:28+00:00,2026-04-15T18:45:28+00:00,1,1,2044386890682397158,1
rabbitholebot,1,1,1,2026-04-15T18:52:45+00:00,2026-04-15T18:52:45+00:00,1,1,2044204059205247346,1
rightsidefreee,1,1,1,2026-04-15T19:50:36+00:00,2026-04-15T19:50:36+00:00,1,1,2044389029374820559,1
rjohn9596,1,1,1,2026-04-15T19:19:55+00:00,2026-04-15T19:19:55+00:00,1,1,2044487448671985763,1
rkaliviotis,1,1,1,2026-04-15T20:04:15+00:00,2026-04-15T20:04:15+00:00,1,1,2044468353696198839,1
selen_erdemm,1,1,1,2026-04-15T23:11:02+00:00,2026-04-15T23:11:02+00:00,1,1,2044544821633642732,1
sharonjames90,1,1,1,2026-04-15T20:44:21+00:00,2026-04-15T20:44:21+00:00,1,1,2044166118852477071,1
shkeela1278,1,1,1,2026-04-15T21:05:15+00:00,2026-04-15T21:05:15+00:00,1,1,2044124215297880198,1
shlomopolak580,1,1,1,2026-04-15T19:21:22+00:00,2026-04-15T19:21:22+00:00,1,1,2044357521733755298,1
silaserafim,1,1,1,2026-04-15T21:28:03+00:00,2026-04-15T21:28:03+00:00,1,1,2044319351151427988,1
skroutzblog,1,1,1,2026-04-15T20:01:43+00:00,2026-04-15T20:01:43+00:00,1,1,2044469947716207018,1
sombrerogr,1,1,1,2026-04-15T20:10:29+00:00,2026-04-15T20:10:29+00:00,1,1,2044496730998145357,1
somethingrand77,1,1,1,2026-04-15T19:43:21+00:00,2026-04-15T19:43:21+00:00,1,1,2044465273693163696,1
sousourada92,1,1,1,2026-04-15T19:16:28+00:00,2026-04-15T19:16:28+00:00,1,1,2044286280909881746,1
sport24,1,1,1,2026-04-15T21:36:50+00:00,2026-04-15T21:36:50+00:00,1,1,2044465614354276768,1
sternenko,1,1,1,2026-04-15T20:23:18+00:00,2026-04-15T20:23:18+00:00,1,1,2044336543498752170,1
ta_nea,1,1,1,2026-04-15T19:45:13+00:00,2026-04-15T19:45:13+00:00,1,1,2044199694583181733,1
tadeefi2603,1,1,1,2026-04-15T20:50:53+00:00,2026-04-15T20:50:53+00:00,1,1,2044444973215486056,1
taratsampoum,1,1,1,2026-04-15T22:06:31+00:00,2026-04-15T22:06:31+00:00,1,1,2044316828688629876,1
tbickle1976,1,1,1,2026-04-15T18:50:37+00:00,2026-04-15T18:50:37+00:00,1,1,2044478306074915162,1
teozyra1660040,1,1,1,2026-04-15T19:49:32+00:00,2026-04-15T19:49:32+00:00,1,1,2044091164450553977,1
thatdayin1992,1,1,1,2026-04-15T19:32:34+00:00,2026-04-15T19:32:34+00:00,1,1,2044317298417381502,1
theiabebeka,1,1,1,2026-04-15T19:47:52+00:00,2026-04-15T19:47:52+00:00,1,1,2044480474538541304,1
theodorekollias,1,1,1,2026-04-15T21:13:02+00:00,2026-04-15T21:13:02+00:00,1,1,2044336563740418322,1
thetis2001,1,1,1,2026-04-15T20:20:32+00:00,2026-04-15T20:20:32+00:00,1,1,2044509702873051469,1
to_vatraxi,1,1,1,2026-04-15T21:38:32+00:00,2026-04-15T21:38:32+00:00,1,1,2044486597052076337,1
tourgkenief,1,1,1,2026-04-15T22:46:44+00:00,2026-04-15T22:46:44+00:00,1,1,2044517457369374998,1
tpusafaith,1,1,1,2026-04-15T20:50:19+00:00,2026-04-15T20:50:19+00:00,1,1,2043785583634596132,1
trescommeilfaut,1,1,1,2026-04-15T19:52:50+00:00,2026-04-15T19:52:50+00:00,1,1,2044487882363040090,1
tzon_t,1,1,1,2026-04-15T18:36:31+00:00,2026-04-15T18:36:31+00:00,1,1,2044038034677485861,1
vasilisxatzis13,1,1,1,2026-04-15T21:32:35+00:00,2026-04-15T21:32:35+00:00,1,1,2044505712051495293,1
vicky_gnp,1,1,1,2026-04-15T19:01:38+00:00,2026-04-15T19:01:38+00:00,1,1,2044409113665257602,1
viewsoff,1,1,1,2026-04-15T23:08:58+00:00,2026-04-15T23:08:58+00:00,1,1,2044460751478198772,1
voicenewsgr,1,1,1,2026-04-15T19:58:11+00:00,2026-04-15T19:58:11+00:00,1,1,2044351470556864868,1
wadainotwi,1,1,1,2026-04-15T20:02:58+00:00,2026-04-15T20:02:58+00:00,1,1,2044363442115805607,1
warrior_na92602,1,1,1,2026-04-15T20:07:54+00:00,2026-04-15T20:07:54+00:00,1,1,2044463541596655929,1
washington_EY,1,1,1,2026-04-15T18:31:49+00:00,2026-04-15T18:31:49+00:00,1,1,2044433061853438253,1
whothefckyouth1,1,1,1,2026-04-15T19:55:28+00:00,2026-04-15T19:55:28+00:00,1,1,2044425294019211366,1
xeftila20,1,1,1,2026-04-15T22:46:15+00:00,2026-04-15T22:46:15+00:00,1,1,2044520959843938686,1
xrisaglm,1,1,1,2026-04-15T18:38:42+00:00,2026-04-15T18:38:42+00:00,1,1,2044341352616361990,1
xwrikos,1,1,1,2026-04-15T21:03:22+00:00,2026-04-15T21:03:22+00:00,1,1,2044487799877898349,1
